RESPID,QD2_PoliticalAffiliation,QD2A_PoliticalLean,QC3_ClintonEmailAwareness,QC4_ClintonEmailIntent,QC5_ClintonEmailHonesty,QC6_BenghaziCommittee,QC7_TiredofEmails,QB1_ObamaApproval,QB2_CongressApprove,QB3_CountryDirection,QB4_TradeAgreements,QB5_TradeAgreementAwareness,QB6_TradeAgreementOpinion,QB7_NaftaOpinion,QD3_PoliticalViews,QD3A_TeaParty,QD4_Education,QD5_Age,QD5A_AgeRange,QD6_Children,QD7_HispanicLatino,QD8_WhiteBlackAsian,QD9_Income,QD10_Gender
384,2,,1,2,1,2,1,1,2,2,2,3,2,2,1,5,3,64,,2,2,1,2,1
2841,2,,2,2,1,2,1,1,1,1,2,2,2,4,1,9,3,31,,1,2,1,2,2
4415,2,,1,2,1,2,1,1,2,1,2,1,2,2,3,5,7,39,,2,2,1,4,1
1169,3,1,1,2,1,2,1,2,2,2,1,3,4,1,4,4,3,18,,2,2,1,4,1
3850,3,1,1,1,2,1,2,2,2,2,3,1,2,2,4,1,8,61,,2,2,1,4,2
2913,1,,1,1,2,1,2,2,2,2,1,3,1,1,5,1,6,68,,2,2,1,2,1
1186,1,,1,1,2,1,2,2,2,2,1,2,4,2,4,1,3,66,,2,2,1,4,1
3951,1,,1,1,2,1,2,2,2,2,1,2,4,4,4,1,3,88,,2,2,1,2,1
4637,1,,1,1,2,1,2,2,2,2,1,2,4,4,4,1,8,80,,2,2,1,4,1
5253,3,2,1,2,1,2,1,1,2,2,2,1,2,2,2,5,6,62,,2,1,4,4,1
3285,3,3,1,9,2,2,1,2,2,2,3,2,4,2,2,9,8,72,,2,2,5,4,1
1187,3,3,1,2,2,1,2,9,2,2,2,3,2,2,3,9,5,48,,2,2,9,3,1
737,2,,1,2,1,2,1,1,2,1,3,2,4,3,2,5,8,41,,1,2,1,4,1
4715,3,1,1,1,2,1,2,2,2,2,4,2,4,4,5,3,8,64,,2,2,1,4,1
875,2,,1,2,1,2,1,1,2,2,3,2,1,4,2,5,7,84,,2,2,1,4,2
664,2,,2,2,1,2,1,1,2,2,2,3,4,2,3,4,3,73,,2,2,1,2,1
3946,1,,1,2,1,2,2,2,2,1,3,2,4,4,3,2,8,32,,2,2,1,3,1
81,9,3,1,1,2,9,1,2,2,2,4,2,4,2,5,3,7,55,,2,2,1,4,1
2659,3,1,1,1,2,1,2,2,2,2,2,2,2,2,4,2,3,55,,2,2,1,9,1
6303,3,3,1,2,2,2,1,2,2,2,2,2,2,2,3,3,7,53,,2,2,1,2,2
559,3,1,1,1,2,1,2,2,1,2,3,2,4,3,4,9,3,83,,2,2,1,1,1
1384,2,,1,2,1,2,1,1,2,1,2,1,2,3,3,5,5,28,,2,2,1,2,1
4804,2,,1,2,1,2,1,1,2,2,3,2,4,1,1,5,7,70,,2,2,1,2,1
1138,1,,2,2,2,1,1,2,2,2,1,3,4,2,4,4,8,67,,2,2,1,3,1
2768,2,,1,2,2,2,1,2,2,2,3,1,2,4,4,3,8,44,,1,2,2,3,2
862,1,,2,1,2,1,1,2,1,2,2,2,2,2,4,2,5,99,3,2,2,1,3,1
449,4,3,1,1,2,1,2,2,2,2,1,2,2,2,9,2,8,55,,2,2,1,1,1
3944,3,3,1,2,9,1,2,2,2,2,2,2,4,2,4,5,6,62,,2,2,1,4,2
2289,4,1,1,1,2,1,2,2,2,2,3,3,1,1,5,1,7,73,,2,2,1,4,2
1090,2,,1,2,1,2,1,1,2,2,3,2,4,2,2,5,8,69,,2,2,1,4,2
457,2,,1,2,1,2,1,1,2,1,3,2,4,4,2,5,8,92,,2,2,1,3,2
4590,3,1,1,1,2,1,2,2,2,2,2,1,2,2,4,3,3,65,,2,2,1,4,2
4171,2,,1,2,9,9,1,9,9,1,1,3,3,1,3,3,5,66,,2,2,2,2,1
6114,3,3,1,2,2,2,1,1,2,2,2,1,2,4,1,5,7,40,,1,2,1,3,1
4196,4,2,2,1,2,3,1,1,2,1,3,3,4,3,2,5,4,83,,2,2,1,1,2
1119,2,,3,9,1,2,1,1,1,2,3,2,3,1,3,3,3,19,,2,1,4,1,1
6007,3,1,2,1,2,9,1,2,2,2,1,2,4,1,3,3,6,47,,1,2,1,4,2
7178,3,3,3,9,1,1,2,2,2,2,1,2,3,4,3,4,7,43,,2,2,1,3,2
3443,2,,2,2,9,2,1,1,2,1,1,2,4,1,3,4,3,58,,2,2,2,3,1
4298,9,3,2,2,2,2,1,1,1,9,1,3,4,4,3,3,4,38,,1,2,2,1,1
930,4,1,1,1,2,1,2,2,2,2,3,1,2,2,5,1,7,50,,1,9,9,4,1
5649,4,9,1,9,9,2,1,1,2,1,3,1,4,2,3,5,5,45,,1,2,1,4,1
934,4,2,1,1,2,3,1,2,2,2,2,3,4,2,2,5,3,65,,2,2,1,2,2
1191,9,3,2,9,2,9,1,2,2,2,3,2,4,4,2,4,7,32,,1,2,1,2,2
939,3,1,1,1,2,3,2,2,2,2,1,2,4,3,4,3,7,73,,2,2,1,4,1
5902,2,,1,2,2,2,1,1,2,1,1,2,4,3,2,5,7,33,,2,1,4,3,2
167,3,2,3,9,1,9,1,1,1,1,1,2,1,1,2,9,3,65,,2,9,1,9,1
695,4,1,1,1,2,1,2,2,2,2,1,2,4,1,3,3,8,73,,2,2,1,9,1
4936,2,,1,2,2,2,1,2,2,2,3,3,3,2,4,3,7,58,,2,2,1,3,1
7546,3,2,1,1,2,1,2,2,2,2,2,1,2,3,4,3,8,52,,2,2,1,9,1
5692,3,3,1,1,2,1,2,2,2,2,3,3,4,2,3,3,7,99,3,2,2,1,3,1
4431,2,,1,2,1,2,1,1,1,9,2,3,4,4,3,3,6,71,,1,1,4,2,2
5593,3,1,3,2,1,1,2,1,1,1,3,3,4,3,1,1,3,40,,2,2,2,4,1
5809,3,1,2,1,2,1,2,2,2,2,2,2,2,2,5,1,3,54,,2,2,1,3,1
5750,4,2,1,2,1,9,1,1,2,2,2,1,2,2,2,5,8,50,,2,2,1,4,2
2257,1,,2,1,2,2,2,2,2,2,3,3,4,4,4,3,5,60,,2,2,1,4,2
2848,3,2,1,2,1,2,1,1,2,9,3,2,4,1,1,5,8,53,,2,2,1,4,2
4584,3,2,1,1,2,1,2,2,2,2,2,2,2,2,2,3,3,54,,2,2,1,4,1
2505,3,2,1,9,9,2,1,1,2,1,2,1,4,4,2,5,7,48,,1,2,1,4,2
2863,1,,1,1,2,1,2,2,2,2,1,1,3,1,3,3,8,47,,2,1,4,4,1
2936,2,,1,2,1,2,1,1,2,1,2,2,2,2,3,4,3,70,,2,2,1,3,1
2124,1,,1,1,2,1,1,2,9,2,2,2,3,3,4,3,7,25,,2,2,1,3,1
4520,4,3,3,9,9,9,9,2,2,2,3,3,2,4,4,3,3,26,,1,2,5,4,2
888,3,3,2,2,9,2,1,2,2,2,1,3,4,4,3,3,3,48,,1,2,1,2,1
5433,1,,1,1,2,3,2,2,2,2,2,2,4,2,4,3,4,55,,2,2,1,3,2
662,1,,1,2,9,3,1,1,2,2,3,2,4,3,3,3,7,25,,2,2,1,3,1
1018,4,9,1,2,1,2,1,2,2,2,1,3,2,2,3,3,5,36,,1,2,1,2,2
4362,1,,1,1,2,1,2,2,2,2,2,1,2,2,3,2,5,77,,2,2,1,1,2
303,2,,1,2,1,2,1,1,2,1,3,1,4,2,1,5,3,69,,2,2,1,1,2
3062,1,,1,1,2,1,2,2,2,2,3,3,4,2,5,1,6,66,,1,2,1,3,2
4479,1,,1,2,1,1,2,2,9,2,3,3,4,4,5,3,5,54,,2,2,1,9,2
4913,1,,1,1,2,1,2,2,2,2,2,1,2,2,4,1,6,51,,2,2,1,3,2
2950,3,2,1,2,1,2,1,1,2,1,3,2,4,4,4,3,7,74,,2,2,1,3,2
3647,1,,1,1,2,1,2,2,2,2,1,3,2,4,5,2,7,66,,2,2,1,2,2
1094,3,2,1,1,2,2,2,1,2,2,2,2,3,2,3,4,7,66,,2,2,1,4,1
2438,4,2,1,2,1,2,1,1,2,2,2,1,2,2,2,5,8,66,,2,2,1,4,1
2074,3,1,1,1,2,1,2,2,2,2,1,2,1,1,3,3,7,62,,2,2,1,4,1
2195,1,,2,2,9,2,1,2,2,2,2,2,2,2,1,5,7,50,,2,2,2,3,1
387,1,,2,1,2,1,2,2,2,2,3,2,4,2,4,1,3,71,,2,2,1,1,2
5689,4,1,1,1,2,1,2,2,2,2,2,2,2,2,5,1,8,41,,1,2,1,4,1
6520,1,,2,1,2,1,2,2,2,2,2,3,4,4,5,2,3,43,,1,2,1,2,2
6697,2,,1,2,1,2,1,1,2,1,1,1,1,4,1,5,5,46,,1,2,1,3,2
2835,2,,1,2,2,1,2,1,2,1,1,2,1,1,3,5,8,39,,1,2,1,4,2
84,1,,1,1,2,1,1,2,2,2,3,2,4,2,4,3,8,45,,1,1,4,2,2
5257,3,1,2,2,1,9,1,1,1,1,1,2,4,1,4,2,7,87,,2,2,1,3,1
89,4,3,1,1,2,2,2,1,1,2,3,3,4,4,5,3,3,71,,2,1,4,3,1
215,2,,1,2,1,2,1,1,2,2,3,2,4,4,3,4,6,60,,2,2,1,2,2
2315,3,9,1,2,9,2,2,2,2,2,3,2,4,3,3,3,5,66,,2,2,9,3,2
5016,2,,3,2,1,2,1,1,2,1,3,1,4,4,1,5,3,57,,2,2,1,3,2
4995,1,,1,1,2,3,2,2,1,2,2,2,4,3,5,3,6,63,,2,2,1,2,2
5306,2,,1,2,1,2,1,1,2,1,1,1,3,1,3,5,6,61,,2,2,1,2,1
299,3,2,1,2,1,2,1,1,2,2,1,2,2,2,2,5,8,77,,2,2,1,4,2
5709,2,,1,2,1,2,1,1,2,3,2,3,2,2,2,5,6,57,,2,2,1,2,2
1038,2,,1,2,1,2,1,2,2,2,2,2,4,3,2,3,5,36,,1,2,2,1,2
3623,1,,1,2,2,1,2,2,2,2,3,2,4,4,4,1,3,41,,1,2,1,3,1
6557,3,2,2,9,9,2,1,1,2,2,3,3,4,4,3,4,8,40,,2,2,1,1,1
4799,1,,1,1,2,1,1,2,2,2,3,2,4,2,4,1,5,75,,2,2,1,3,1
5392,1,,1,9,2,3,2,2,1,2,1,2,1,1,4,4,8,43,,1,2,1,3,1
90,1,,1,1,2,1,1,2,2,2,2,2,2,2,5,3,3,71,,2,2,1,1,2
4928,2,,3,2,1,2,2,1,2,3,1,2,4,4,3,9,8,85,,2,2,1,1,2
864,9,9,3,2,9,1,1,2,1,2,3,3,4,4,4,3,2,22,,1,2,1,1,2
4770,2,,1,2,1,2,1,1,2,1,1,2,4,4,1,3,7,78,,2,2,1,3,2
7128,3,3,3,2,1,1,2,1,1,2,3,3,4,3,3,4,7,31,,2,2,1,1,2
7408,3,1,1,2,2,2,1,1,2,1,3,2,4,3,3,5,7,28,,2,2,3,4,1
1992,2,,1,2,1,2,1,1,2,1,2,2,2,2,3,5,8,60,,2,2,1,2,2
7500,1,,1,2,2,1,2,2,2,2,2,2,2,3,5,2,7,48,,1,2,1,3,2
3950,3,3,2,2,1,1,1,9,9,1,1,2,4,1,3,4,3,42,,1,1,1,3,2
772,2,,1,2,1,2,1,1,1,1,3,3,4,3,3,3,8,43,,2,2,1,2,2
6933,1,,2,2,9,2,9,2,2,2,2,3,4,2,5,2,8,39,,1,2,1,2,2
986,4,9,1,2,1,2,1,2,1,2,3,3,4,4,9,9,3,31,,2,2,1,2,2
2797,9,3,3,2,9,1,9,9,9,1,1,3,4,3,3,3,6,21,,2,2,3,8,2
3913,1,,1,1,2,1,2,2,2,2,3,3,4,2,5,3,6,99,3,2,2,1,1,2
2675,9,9,3,9,2,1,2,2,2,9,1,1,1,4,3,1,2,41,,2,1,4,9,2
3005,1,,1,9,2,9,2,2,2,2,4,2,4,4,4,3,3,83,,2,2,1,1,2
534,2,,1,2,2,2,1,1,2,1,3,2,4,1,2,5,5,27,,2,2,1,2,1
3918,1,,1,1,2,1,2,2,2,2,2,3,4,2,5,3,5,74,,2,2,1,3,1
4403,1,,2,2,9,3,9,1,2,2,3,2,3,3,4,3,3,46,,2,2,2,1,1
5129,1,,1,1,2,1,2,2,2,2,2,1,2,4,5,3,7,49,,1,2,1,2,1
932,2,,2,2,1,2,1,2,2,2,3,2,4,4,1,5,4,59,,2,2,1,1,1
5166,1,,2,2,2,2,1,2,2,2,2,2,4,4,4,4,6,59,,2,2,1,3,2
931,2,,1,2,1,2,1,1,2,1,3,1,3,1,2,5,5,64,,2,2,1,3,2
2492,2,,1,2,1,2,1,1,2,1,1,2,4,1,2,4,7,66,,2,2,1,3,2
5103,1,,2,1,2,2,1,2,2,2,1,2,4,2,4,2,6,47,,2,2,1,3,1
2945,3,3,1,1,2,1,2,2,2,2,2,2,2,2,5,1,6,63,,1,2,1,3,1
6166,1,,1,1,2,1,2,2,2,2,2,3,4,2,5,1,5,51,,2,2,1,4,1
3346,1,,1,2,1,1,1,2,2,2,3,2,4,4,4,3,7,69,,2,2,1,4,1
3673,1,,1,2,2,2,2,2,1,2,2,2,2,2,3,2,3,39,,2,2,1,2,1
2723,3,1,1,1,2,2,2,2,2,2,2,3,4,2,3,1,8,56,,2,2,1,3,2
2968,4,1,1,9,2,2,2,2,2,2,1,2,3,3,3,3,6,36,,2,2,2,1,1
1303,1,,1,1,2,1,2,2,2,2,3,3,4,1,4,1,3,74,,2,2,1,2,1
131,3,3,1,2,2,1,1,2,2,2,3,2,4,2,3,3,3,43,,2,2,1,3,1
99,3,2,1,2,2,2,1,2,2,2,2,1,2,2,1,5,7,69,,2,2,1,3,1
412,9,3,1,2,2,2,1,2,2,2,2,3,4,3,4,2,5,73,,2,2,1,3,1
936,1,,1,2,2,1,2,2,2,2,1,2,3,1,4,3,7,70,,2,2,1,4,1
1055,4,1,1,1,2,1,1,1,1,2,1,2,1,4,2,3,3,29,,1,1,1,2,1
3738,2,,1,2,1,2,1,1,2,1,3,2,4,4,3,5,8,50,,1,2,1,4,1
4920,1,,1,1,2,1,1,2,2,2,2,2,3,3,4,3,6,70,,2,2,1,2,1
5064,2,,1,9,2,1,2,2,2,2,3,3,4,4,9,9,3,70,,1,2,1,3,1
5399,1,,1,9,2,2,1,2,2,2,1,2,4,1,4,3,8,47,,2,2,1,3,1
5939,1,,1,1,2,2,2,2,2,2,4,1,4,4,4,3,6,54,,2,2,1,4,1
3931,4,1,1,1,2,1,1,2,2,2,3,3,4,4,5,3,5,99,2,2,2,1,9,2
728,4,2,1,2,1,2,1,1,2,1,1,2,1,1,3,5,8,52,,2,2,1,4,1
731,2,,2,2,9,3,1,9,2,3,3,1,4,2,1,5,7,22,,2,2,1,1,1
5224,3,1,1,1,2,1,2,2,2,2,2,2,4,3,5,1,5,47,,2,2,1,2,1
4252,2,,1,2,1,1,1,1,1,1,1,2,4,3,3,3,7,38,,1,1,4,4,2
2971,2,,1,2,9,2,1,1,2,2,3,1,2,4,1,5,7,65,,2,2,1,3,1
2887,1,,1,1,2,2,1,2,2,1,1,2,4,4,4,3,7,24,,2,2,3,2,1
5256,1,,2,2,2,1,1,1,9,2,2,2,4,1,3,2,3,55,,2,2,1,3,1
1872,2,,2,9,2,1,1,1,2,1,2,2,2,4,2,3,6,27,,2,2,1,1,1
4117,3,2,1,2,1,2,1,1,2,1,1,2,1,1,1,5,8,78,,2,2,1,4,1
5255,2,,1,1,2,1,2,1,2,2,2,2,2,2,3,5,5,80,,2,2,1,2,1
608,1,,1,1,2,1,1,1,9,9,3,2,4,4,2,3,3,53,,2,2,1,1,1
4395,1,,1,1,2,1,2,2,2,2,3,2,4,1,3,2,7,50,,2,2,1,1,1
3775,1,,1,1,2,1,2,2,1,2,2,2,2,2,4,3,7,74,,2,2,1,3,2
2411,3,9,1,2,1,2,1,1,9,2,3,3,4,4,5,9,3,73,,2,2,1,2,2
880,2,,2,1,2,2,1,1,2,2,1,2,2,1,3,3,3,56,,2,2,2,2,1
63,1,,1,1,2,1,2,2,2,2,2,2,2,3,2,3,3,20,,2,2,2,2,1
281,2,,3,2,2,2,1,1,2,2,1,1,1,1,3,5,8,33,,1,2,1,4,1
657,3,2,2,2,2,2,1,1,1,2,3,3,4,1,1,9,3,18,,2,2,1,2,1
319,3,3,1,1,1,2,1,9,9,1,1,2,4,1,9,9,9,52,,2,2,3,4,1
861,1,,2,2,2,2,1,1,2,2,3,3,4,3,2,3,3,18,,2,1,9,1,2
797,4,2,2,2,2,3,2,1,2,2,3,2,4,3,3,4,7,32,,2,2,1,3,1
1815,3,9,1,1,9,1,1,9,9,2,1,3,4,3,9,3,3,19,,2,2,1,8,1
2568,3,1,1,1,2,1,2,2,2,2,3,2,4,1,4,1,7,99,3,2,2,9,3,2
2786,1,,1,1,2,2,1,1,2,2,3,2,4,4,3,2,3,21,,2,1,1,8,1
3086,3,2,1,2,1,2,1,1,2,1,2,1,2,2,3,5,3,45,,2,1,1,4,1
1838,4,1,2,1,2,9,2,2,2,2,4,2,4,2,4,1,7,45,,1,2,9,3,1
2667,4,1,2,2,1,2,1,2,2,2,3,3,4,4,5,3,2,44,,2,2,2,2,1
2197,1,,1,1,2,1,1,2,1,1,1,3,4,3,5,3,3,22,,2,2,1,3,1
3991,3,3,1,2,1,2,1,1,2,1,1,1,1,1,3,5,8,83,,2,2,1,4,1
3884,3,1,2,1,2,2,9,9,2,2,1,2,1,4,4,4,7,28,,2,2,2,4,1
4242,4,3,2,9,1,2,1,1,2,2,3,2,3,4,9,3,8,99,3,1,9,2,9,1
4682,2,,1,2,1,2,1,1,2,1,3,3,4,4,1,5,5,71,,2,2,2,1,2
4834,1,,1,1,2,1,2,2,9,2,3,1,3,4,9,9,9,70,,9,1,9,9,2
4914,2,,1,1,1,2,2,1,2,1,3,2,4,1,2,5,7,23,,2,2,1,3,2
5230,4,3,1,1,2,3,1,2,2,2,1,2,4,4,9,9,5,70,,2,2,1,4,2
109,4,1,2,1,9,2,2,1,2,2,3,3,4,3,4,2,2,18,,2,9,5,4,2
587,3,3,1,9,2,9,2,1,1,9,4,2,4,4,3,3,8,27,,2,2,3,2,1
5540,1,,1,1,2,1,2,2,2,2,1,1,1,1,4,3,7,64,,2,2,1,4,1
688,2,,1,2,1,2,1,1,2,1,1,1,4,1,2,5,6,81,,2,2,1,9,2
5313,9,3,1,2,1,2,1,1,2,3,3,1,4,4,3,5,8,73,,2,2,1,4,2
5363,2,,1,2,9,2,1,1,2,1,1,1,1,1,1,5,7,99,2,1,2,2,3,2
994,2,,1,2,9,2,2,1,2,2,2,2,2,2,1,5,8,65,,2,2,3,3,2
365,4,1,2,1,2,1,2,2,2,2,2,2,2,2,5,1,6,46,,1,2,1,4,2
6299,3,3,2,2,1,2,1,1,2,2,3,3,3,1,4,3,5,24,,2,2,2,2,1
3736,1,,1,1,2,1,2,2,2,2,3,2,2,3,3,1,3,67,,2,2,1,3,1
618,3,3,1,2,1,2,1,2,1,2,3,2,4,1,2,9,5,57,,2,1,4,3,1
266,2,,2,2,2,2,1,1,2,2,3,2,4,3,4,3,8,38,,1,2,1,2,2
4080,1,,1,1,2,2,1,9,2,2,2,2,4,4,4,3,7,47,,1,1,4,3,2
5119,1,,1,1,1,2,1,1,2,1,2,1,2,2,3,2,7,36,,1,2,2,4,2
6781,3,2,1,2,1,2,2,2,2,2,1,3,4,4,2,3,3,32,,1,2,1,2,2
7576,1,,1,1,2,1,2,1,2,1,3,3,4,3,3,3,7,39,,2,2,2,3,2
4279,2,,2,1,2,9,2,1,2,2,2,2,4,4,2,5,3,66,,2,2,1,1,2
3212,3,3,1,1,9,1,2,2,2,1,2,2,4,4,4,3,8,99,1,2,2,1,4,1
3629,1,,2,9,2,2,1,2,2,2,3,3,4,2,3,9,1,72,,2,2,1,3,1
1507,3,1,1,1,2,2,1,2,2,1,1,1,1,1,3,3,7,31,,2,2,1,4,1
2545,1,,1,9,2,1,2,2,2,2,1,2,1,1,5,2,7,58,,2,2,1,2,1
5258,1,,1,1,2,1,2,2,2,2,2,3,4,2,4,1,6,37,,1,2,1,4,1
501,2,,1,2,1,2,1,1,2,1,1,2,4,3,3,5,5,40,,2,2,1,3,1
1767,3,1,1,1,2,2,2,2,2,2,3,2,4,3,3,3,3,47,,2,2,1,8,1
2703,2,,2,2,1,2,1,1,2,1,3,3,4,1,3,2,7,51,,1,2,1,3,1
2750,2,,1,2,1,2,1,1,2,2,3,1,4,2,2,5,5,62,,2,2,1,4,1
3097,1,,1,2,2,2,2,2,2,2,2,2,2,2,4,5,5,68,,2,2,1,3,1
5397,1,,1,1,2,1,2,2,2,2,1,1,1,1,3,4,8,62,,2,2,1,3,1
5360,3,2,1,2,1,2,1,1,2,1,1,2,4,3,3,5,7,60,,2,2,1,4,1
441,2,,1,2,1,1,1,9,9,3,1,2,1,3,3,4,7,63,,2,2,1,4,2
1216,9,1,3,9,9,9,9,9,1,3,3,3,4,4,4,9,3,18,,2,2,3,8,1
4517,1,,1,2,9,2,2,1,9,2,2,2,4,4,4,5,3,49,,2,2,2,2,2
3201,2,,1,2,1,2,1,1,2,1,3,2,4,4,2,5,8,59,,2,2,1,4,2
5080,1,,2,1,2,9,2,2,9,2,1,3,4,1,3,4,3,53,,2,2,1,1,2
5034,3,3,1,1,2,3,1,9,2,2,2,3,2,2,3,3,5,99,3,2,2,1,2,1
4521,4,1,1,1,2,1,2,2,2,2,2,1,2,2,5,1,8,65,,2,2,1,4,1
5299,2,,1,2,2,2,1,9,2,1,3,1,4,4,3,5,8,99,2,2,2,1,4,1
5586,4,3,2,2,1,2,1,1,2,1,1,2,3,1,1,3,7,37,,2,2,1,4,1
7574,1,,1,1,2,1,2,2,2,2,2,2,4,2,4,2,5,45,,1,2,1,4,1
7581,3,1,1,1,2,2,1,2,2,2,1,2,3,3,3,3,7,43,,1,2,1,4,2
5738,3,1,2,2,2,2,1,2,2,2,3,2,2,4,4,3,8,23,,2,2,3,4,1
458,1,,1,1,2,1,2,2,1,2,1,2,4,1,3,2,7,73,,2,2,1,2,2
2428,4,3,1,2,1,2,1,1,9,1,3,2,1,4,1,3,7,58,,2,1,4,2,2
5206,3,3,1,2,1,2,1,9,2,1,3,2,4,4,3,4,3,68,,2,2,1,2,2
3512,9,3,2,2,1,9,1,1,1,1,3,3,4,4,5,2,6,18,,2,2,1,4,2
5275,1,,1,1,2,2,9,2,2,2,3,3,4,4,4,3,6,57,,2,2,1,1,2
5357,1,,1,2,2,1,1,2,9,2,3,3,4,4,5,2,5,59,,2,2,1,4,2
139,1,,1,1,2,1,2,2,2,2,3,1,4,1,5,1,5,54,,2,2,1,4,2
640,3,3,1,2,1,2,1,1,2,1,3,1,4,4,3,5,8,65,,2,2,1,9,1
2280,3,3,3,9,2,9,1,9,1,2,1,3,4,4,4,3,3,90,,2,2,1,1,2
5552,1,,1,1,2,1,2,2,1,2,1,2,3,3,4,3,7,40,,2,2,9,9,1
4505,2,,1,1,2,2,1,1,2,2,1,1,1,1,3,5,8,57,,2,2,1,3,2
274,4,3,1,1,2,1,2,2,2,2,2,2,2,1,5,3,8,99,3,2,2,1,9,1
5226,1,,2,1,2,1,2,2,2,2,3,3,4,4,5,2,8,88,,2,2,1,3,1
2908,4,3,1,9,2,9,1,1,2,1,1,2,1,1,3,4,6,55,,1,2,3,2,1
4023,1,,1,1,2,3,2,2,2,2,3,2,4,3,4,2,7,76,,2,2,1,3,1
5102,4,1,3,2,2,1,9,1,2,1,1,2,2,1,4,3,4,25,,1,2,1,2,1
341,2,,1,2,1,2,1,1,1,1,3,3,4,2,3,3,6,50,,2,2,3,1,2
1830,3,2,1,2,1,2,1,1,2,9,1,2,1,1,3,1,5,20,,2,2,1,1,2
2130,3,2,1,2,1,1,1,9,2,3,1,2,3,1,3,3,7,35,,1,2,1,4,1
3652,3,1,1,1,2,1,1,2,2,2,2,2,2,2,4,2,7,29,,2,2,1,4,1
4247,4,3,1,9,1,1,1,9,2,2,3,2,1,4,3,3,7,99,1,2,2,1,3,1
5047,1,,1,9,2,1,2,2,2,2,3,2,4,4,5,3,5,83,,2,2,1,3,1
582,1,,2,2,1,2,1,1,1,1,1,2,3,1,2,3,3,79,,2,2,1,1,2
3960,9,1,3,1,2,9,9,2,9,3,1,3,4,1,4,9,9,91,,2,2,1,1,2
6039,2,,1,2,1,2,1,1,2,1,2,1,2,2,2,5,8,54,,1,2,1,4,1
2666,1,,2,2,1,2,1,1,1,1,3,2,4,3,1,1,8,98,,2,1,3,1,1
773,3,3,3,1,1,2,1,1,2,1,3,3,4,4,4,3,3,18,,2,2,1,3,1
4034,2,,1,2,1,2,1,1,2,1,2,1,2,2,3,5,8,78,,2,2,1,3,1
5466,3,3,1,2,1,2,1,1,2,3,3,2,3,2,4,5,7,50,,2,2,2,3,1
980,2,,1,2,1,2,1,1,2,1,1,1,1,1,1,5,8,88,,2,2,3,3,1
5318,1,,1,2,2,2,1,1,2,1,1,2,3,3,3,5,8,42,,1,2,1,4,1
3390,1,,1,1,2,1,1,2,2,2,2,2,4,2,4,2,3,56,,2,2,1,3,2
3809,2,,1,2,1,2,1,1,2,2,2,1,2,1,1,5,7,67,,2,2,1,1,2
435,2,,1,2,1,2,1,1,2,2,3,2,4,4,3,4,3,71,,2,2,1,3,2
464,3,3,1,2,1,2,1,2,9,2,2,2,2,2,3,5,6,72,,1,2,1,2,2
507,3,9,2,2,1,2,1,9,2,2,3,3,4,3,4,3,3,68,,2,2,1,1,2
1072,1,,1,1,2,1,1,2,2,2,3,2,4,3,3,3,3,75,,2,2,1,1,2
5260,1,,1,9,2,1,1,2,1,2,3,3,4,3,5,5,5,79,,2,2,1,1,2
5485,3,3,1,1,2,1,2,2,2,2,2,2,2,2,5,3,8,99,3,2,2,1,9,2
2773,3,2,2,2,1,2,1,1,1,2,3,3,4,1,3,3,7,30,,2,1,4,3,2
246,1,,1,2,1,2,1,1,2,2,1,2,4,1,3,3,5,73,,2,2,1,2,2
5368,2,,2,2,1,2,1,1,2,2,3,1,1,2,4,5,7,74,,2,2,2,4,1
354,1,,1,1,2,1,2,2,1,2,3,1,2,2,5,3,3,75,,2,2,1,4,2
1386,9,2,3,9,9,1,9,1,1,1,3,3,4,4,9,3,3,21,,1,2,3,8,2
1743,2,,2,2,1,2,1,1,2,2,2,2,2,1,3,5,5,70,,2,2,2,2,1
108,1,,1,1,2,2,1,2,1,2,1,3,4,2,5,2,3,20,,1,2,1,9,1
315,3,3,1,1,2,2,2,1,2,1,1,1,4,1,3,5,8,99,3,2,2,3,3,1
2239,1,,1,1,2,1,2,2,2,2,1,2,1,4,5,1,5,85,,2,2,1,4,1
4368,3,2,2,2,1,2,9,2,2,2,3,3,4,4,1,9,5,73,,2,1,1,2,2
5883,2,,1,2,1,2,1,1,1,1,2,3,2,2,3,5,3,53,,1,2,3,1,2
1057,2,,1,2,1,2,1,1,2,1,3,1,4,4,2,5,7,55,,2,2,1,4,2
1152,3,2,2,1,2,1,1,1,2,2,2,3,1,1,1,5,3,18,,2,1,9,3,2
4636,2,,1,9,1,2,1,1,2,3,1,2,4,1,2,5,8,36,,1,2,2,3,2
624,3,3,1,2,2,2,9,2,2,2,3,2,3,4,3,5,8,89,,2,2,1,3,1
7162,1,,1,1,2,3,2,2,2,2,3,2,4,2,5,3,7,48,,1,2,1,4,1
2321,3,1,2,2,2,2,1,2,2,2,2,2,4,2,3,3,8,51,,1,2,3,4,1
5312,1,,1,2,1,2,1,2,2,1,1,1,1,1,3,3,8,59,,2,2,1,4,1
1668,3,2,1,9,9,2,1,1,2,1,1,1,1,3,3,5,8,55,,1,2,9,2,1
1790,3,3,2,1,2,1,9,9,9,2,1,2,4,3,3,3,8,50,,1,2,1,3,1
2314,4,3,2,1,2,9,2,9,2,9,1,1,1,1,3,3,5,99,3,2,2,1,4,1
5365,3,1,1,1,2,9,2,2,2,2,1,2,1,1,3,4,8,49,,1,2,1,4,2
5542,2,,1,2,1,2,1,1,2,1,1,2,1,1,3,5,6,60,,2,2,1,2,1
1213,4,1,3,9,9,1,1,2,2,2,1,3,4,1,5,2,7,28,,2,2,1,4,1
6885,3,3,1,1,2,1,2,2,2,2,2,3,2,2,4,1,6,50,,2,2,3,4,2
3450,4,2,1,2,1,1,2,1,2,1,3,2,1,3,3,4,6,44,,1,2,1,4,2
5210,3,3,1,2,1,2,1,1,2,2,2,3,4,3,3,4,5,60,,2,2,2,9,2
7181,1,,1,2,2,3,2,2,2,2,4,3,4,1,4,3,7,50,,1,2,1,2,2
6820,1,,1,9,9,1,1,2,2,2,2,3,4,4,5,3,5,36,,1,2,1,4,2
3001,3,2,1,2,2,2,1,2,2,2,4,1,2,2,3,5,6,64,,2,2,1,3,1
1012,3,1,1,2,9,1,2,2,2,1,3,1,4,1,3,3,8,70,,2,2,1,4,1
4704,4,1,1,9,2,1,2,2,2,2,2,2,2,2,5,1,6,56,,2,2,1,3,1
5465,1,,1,2,2,2,2,2,2,2,2,2,3,2,3,3,6,52,,2,2,1,4,1
1135,3,1,1,2,2,2,1,2,2,2,2,3,4,4,2,3,5,99,1,1,2,1,2,2
4513,4,1,3,9,9,2,9,2,2,2,4,3,4,4,5,3,3,50,,1,2,1,1,2
5091,3,3,3,9,9,9,9,1,9,9,3,3,4,4,9,9,2,45,,1,1,4,1,2
5523,1,,1,2,2,2,1,2,2,2,2,3,4,2,4,3,5,42,,1,2,1,3,2
106,2,,1,2,2,2,1,2,2,2,2,2,2,2,1,5,8,99,2,1,2,1,3,2
2235,3,2,1,1,2,3,2,1,2,1,1,2,4,1,3,2,7,31,,1,2,1,3,2
7313,1,,2,2,2,2,1,2,2,2,1,2,4,1,4,3,5,19,,2,2,1,3,2
2233,3,3,1,1,2,9,1,9,2,2,3,2,4,4,9,9,5,40,,1,2,1,2,2
2788,3,1,1,1,2,2,1,2,2,2,3,3,4,3,4,1,5,27,,2,2,1,2,1
1137,1,,2,1,2,1,1,2,2,2,3,3,4,3,3,3,8,41,,1,2,1,4,1
4657,1,,2,1,2,1,2,2,2,2,2,2,2,2,4,3,5,51,,2,2,1,4,1
2256,4,3,3,2,2,9,9,9,9,2,3,3,4,4,9,3,3,74,,2,1,4,2,2
4304,4,1,1,2,1,2,2,2,2,2,3,2,4,4,5,4,6,25,,2,2,1,2,1
4414,3,3,1,2,9,1,1,9,2,2,1,3,4,4,2,5,7,62,,2,2,1,3,2
2344,3,3,1,2,1,2,1,1,2,2,1,1,1,1,1,5,8,63,,2,2,1,3,2
371,1,,1,1,2,1,2,2,2,2,1,2,4,2,5,2,5,77,,2,2,1,3,2
355,4,3,1,9,9,1,2,1,9,1,3,3,4,1,3,2,3,67,,2,2,1,1,2
683,2,,1,2,1,9,1,1,2,9,3,1,3,9,3,5,8,57,,1,2,1,4,2
973,2,,1,2,2,2,1,1,2,2,3,3,4,4,3,3,5,72,,2,2,1,2,2
965,2,,1,2,1,2,1,1,2,2,3,3,4,4,4,5,4,68,,2,1,1,1,2
2699,1,,1,2,2,1,1,1,9,1,1,2,3,1,5,3,8,83,,2,2,1,2,2
2999,2,,1,2,1,2,1,1,2,2,2,2,2,2,1,5,8,68,,2,2,1,3,2
3948,2,,3,2,1,2,1,1,2,1,3,2,4,3,3,5,8,84,,2,2,1,2,2
4154,1,,1,1,2,1,1,2,2,2,3,2,4,3,5,1,3,72,,2,2,1,1,2
4912,2,,1,2,1,2,1,1,2,2,3,2,4,3,4,3,8,54,,1,2,1,3,2
4999,3,2,1,2,1,2,1,1,2,2,1,2,4,2,4,5,6,60,,2,1,2,3,2
5338,3,2,1,2,1,2,1,1,2,3,3,1,2,3,3,5,8,65,,2,2,1,3,2
6453,2,,1,2,1,2,1,1,2,3,3,3,4,3,3,5,6,54,,2,2,1,3,2
979,4,1,2,9,2,2,9,2,9,2,4,3,4,4,9,3,6,46,,1,2,1,1,1
2215,2,,1,1,1,2,1,1,2,1,3,3,4,4,3,9,3,22,,1,2,2,2,1
402,2,,2,2,1,2,1,1,2,2,1,2,3,3,2,5,3,49,,2,2,1,4,1
692,3,3,1,1,2,3,2,2,2,2,2,2,4,4,4,3,7,99,2,1,2,1,3,1
2003,2,,1,2,2,2,2,1,2,1,1,2,1,1,3,5,8,31,,2,2,2,3,1
2718,3,3,2,1,1,1,1,2,2,2,1,2,1,1,3,1,6,58,,2,2,1,2,1
4086,1,,1,2,2,2,1,2,2,2,2,2,4,2,3,2,7,38,,2,1,1,4,1
6063,1,,1,1,2,2,2,2,2,2,1,2,3,1,3,4,8,53,,1,2,1,4,1
7579,1,,2,1,2,2,2,2,1,2,1,3,4,2,2,3,8,47,,2,2,1,4,1
2686,9,2,1,2,1,2,1,1,2,2,9,3,3,1,5,9,7,44,,2,1,3,1,1
2190,1,,1,2,1,2,1,2,1,2,2,3,4,2,3,3,6,55,,2,2,1,4,2
5517,2,,1,2,1,2,1,1,2,3,1,1,3,3,2,5,8,62,,2,2,1,4,2
5775,2,,1,1,2,1,1,1,1,2,3,2,4,4,4,3,6,54,,2,2,1,4,2
3713,2,,2,2,1,9,1,1,2,1,3,3,4,4,2,5,8,89,,2,2,1,2,2
1530,1,,1,1,2,1,2,2,9,2,3,2,4,4,4,3,6,40,,1,1,1,3,2
2791,2,,3,9,9,9,9,1,2,3,2,3,9,9,3,3,3,21,,2,1,4,2,2
3790,2,,1,2,1,2,1,1,2,3,3,2,4,1,2,5,7,23,,2,2,1,2,2
1032,2,,3,9,1,9,2,9,9,3,3,3,4,4,2,9,1,28,,2,2,1,8,2
669,2,,1,2,1,2,1,1,2,1,3,2,4,4,3,3,7,63,,2,2,2,3,1
693,2,,1,2,1,2,1,1,1,3,2,1,2,1,1,3,7,92,,2,1,1,3,2
2390,2,,1,2,1,2,2,1,2,2,2,1,2,1,2,5,7,54,,2,2,1,3,2
4471,2,,1,2,1,2,1,1,1,1,3,3,4,4,1,5,6,64,,2,2,1,2,2
3416,4,3,1,1,2,1,2,2,2,3,4,1,2,1,3,3,8,23,,1,1,4,4,1
2752,1,,1,1,2,1,2,2,2,2,3,2,4,4,5,3,7,57,,2,2,1,4,2
2645,9,2,3,9,9,9,1,1,2,1,1,3,4,3,3,3,7,49,,2,1,4,4,1
1544,1,,1,1,2,1,2,2,2,2,2,2,2,2,5,1,3,70,,2,2,1,3,1
974,4,3,1,2,1,2,1,9,2,2,3,3,4,4,4,4,3,65,,1,2,1,2,2
2698,1,,1,1,2,1,2,2,2,2,1,1,2,2,4,1,3,86,,2,2,1,2,2
3853,1,,1,2,2,9,2,2,2,2,3,3,4,3,5,3,7,46,,1,2,1,3,2
3063,2,,1,2,1,2,1,1,2,9,1,1,3,4,2,5,8,81,,2,2,1,3,2
453,2,,3,9,9,2,1,1,1,1,4,3,4,1,3,3,3,77,,2,2,2,2,1
4491,2,,2,2,1,2,1,1,2,9,3,3,4,4,5,5,2,70,,2,1,1,1,2
3511,3,3,1,2,1,2,1,1,2,1,2,1,2,2,3,5,6,71,,2,2,1,2,2
1031,1,,1,1,2,1,1,2,2,2,2,2,2,2,3,1,7,62,,2,2,1,9,2
599,2,,2,2,1,2,1,1,2,2,2,2,4,4,3,3,5,54,,2,2,1,2,2
729,3,2,1,2,1,2,1,1,2,2,3,2,4,4,4,3,6,53,,2,2,1,2,2
3148,1,,2,1,2,1,2,2,2,2,3,2,4,3,4,3,5,53,,1,2,1,3,2
5106,2,,2,2,1,2,1,1,2,2,3,2,4,1,2,1,6,30,,1,2,2,1,2
46,2,,1,1,1,1,1,2,2,2,3,3,4,4,4,3,3,64,,2,2,1,1,2
2459,2,,1,2,1,2,1,1,2,3,3,1,1,4,3,5,3,87,,2,2,1,2,2
3862,3,2,2,9,1,2,1,1,2,2,3,3,4,4,3,4,5,75,,2,2,1,2,2
760,2,,3,2,2,2,1,1,1,9,3,3,4,4,3,3,3,18,,2,2,1,1,2
991,9,2,1,1,2,9,2,1,2,2,3,1,4,2,3,5,7,66,,2,2,9,4,1
3609,2,,1,2,2,2,1,1,2,2,1,2,3,1,3,5,7,66,,2,2,1,3,1
3180,2,,1,2,1,2,1,2,2,2,2,2,3,2,1,5,7,55,,2,2,1,2,2
4620,2,,1,2,1,2,1,1,1,1,1,2,1,1,4,5,8,52,,2,2,1,4,2
2744,3,3,3,1,2,2,1,2,2,2,1,3,1,3,2,3,3,45,,1,1,4,3,2
3901,1,,1,1,2,1,2,2,2,2,2,1,2,2,5,1,3,46,,1,2,1,2,2
7275,1,,1,1,2,1,2,2,1,2,1,3,4,1,4,2,5,47,,2,2,1,3,2
1029,2,,1,2,1,2,1,1,2,1,3,2,4,3,2,5,5,71,,2,2,1,3,2
3858,2,,3,2,2,1,1,2,2,2,3,2,4,1,3,3,3,78,,2,2,1,2,2
3916,4,2,1,2,1,2,1,1,2,1,3,2,3,3,2,3,7,65,,2,2,1,3,2
3954,1,,1,1,2,2,1,2,2,2,3,3,4,4,4,3,3,51,,1,2,1,1,2
4400,1,,1,1,2,1,1,2,9,2,3,2,4,1,5,3,5,71,,2,2,1,2,2
4539,2,,1,2,2,1,1,2,1,2,1,2,1,4,3,1,5,63,,2,2,1,3,2
5349,2,,1,2,1,2,1,1,2,1,2,2,3,3,2,5,7,59,,2,2,9,3,2
5722,4,1,1,1,2,1,2,2,2,2,3,2,2,2,4,3,3,59,,2,2,1,2,2
404,1,,1,1,2,2,1,2,2,2,2,2,4,2,2,2,4,59,,2,2,1,1,2
6739,2,,3,2,9,2,1,1,9,1,3,2,2,3,2,5,2,44,,2,1,4,3,2
682,2,,1,2,1,2,1,1,2,2,3,1,2,2,3,5,3,63,,2,2,1,3,1
3566,2,,2,2,1,2,1,1,2,1,3,2,4,4,3,3,6,65,,2,2,2,2,2
1203,4,3,2,1,2,2,2,1,2,2,1,3,4,4,2,5,7,37,,2,2,3,3,1
6058,1,,1,1,2,1,2,2,1,2,3,2,3,2,4,1,5,50,,2,2,1,1,1
2637,2,,2,2,1,2,1,1,1,1,3,2,4,4,4,3,7,54,,2,2,2,1,2
1047,3,3,2,1,2,1,2,9,2,2,4,1,1,1,2,1,7,64,,2,2,1,4,1
3806,2,,1,2,1,9,1,1,2,1,3,2,4,4,2,5,8,51,,2,2,1,4,2
5138,9,9,3,9,2,9,2,2,2,2,3,2,4,4,9,9,3,23,,1,2,1,8,2
85,4,2,2,1,2,1,1,2,2,2,2,3,1,2,1,4,3,49,,2,2,1,2,2
470,3,1,2,2,9,2,1,1,2,2,3,3,4,4,2,3,7,27,,1,1,1,1,2
4441,1,,1,1,2,1,2,2,2,2,1,2,2,1,5,2,3,63,,2,2,1,2,2
317,2,,3,9,9,9,9,1,9,9,3,3,4,4,4,9,7,28,,1,2,2,2,2
35,2,,3,2,9,2,1,1,2,3,3,3,4,2,3,3,3,44,,1,2,2,2,2
272,1,,1,1,2,1,2,2,2,2,3,3,4,4,4,3,5,73,,2,2,1,3,1
392,1,,2,1,2,1,2,2,2,2,3,2,2,2,5,1,3,78,,2,2,1,2,1
3854,1,,1,1,2,1,2,2,2,2,3,2,4,2,5,1,6,78,,2,2,1,3,1
2672,3,1,1,1,2,2,1,2,2,2,1,2,1,1,4,2,7,32,,1,2,1,3,2
2556,1,,1,2,2,2,1,2,2,2,1,1,1,4,3,4,5,63,,2,2,1,3,1
2335,2,,1,2,1,2,1,1,2,1,3,3,4,4,2,5,7,52,,2,2,1,2,2
883,1,,1,1,2,1,1,2,2,2,3,2,2,4,3,2,3,25,,1,2,1,1,2
903,1,,1,1,2,1,2,2,2,2,3,2,2,4,4,2,6,51,,2,2,1,4,2
3081,2,,1,2,1,2,1,1,2,2,2,2,4,2,2,5,7,35,,2,2,1,3,2
5005,1,,1,1,2,2,1,2,2,2,2,2,2,4,3,5,8,49,,2,2,1,3,2
331,4,2,1,2,2,2,1,1,2,1,3,2,4,1,3,5,7,45,,1,2,2,4,1
4282,1,,1,1,2,1,2,2,2,2,3,2,4,3,5,1,7,60,,1,2,1,4,1
882,2,,2,2,1,2,1,1,2,1,3,2,3,3,3,5,7,58,,2,2,1,3,2
3152,2,,1,2,1,2,1,1,2,2,4,1,2,2,2,3,8,75,,2,2,1,4,1
510,9,9,3,9,9,2,9,9,1,1,3,3,4,4,3,5,3,65,,2,9,1,2,1
769,1,,2,2,2,2,1,2,2,2,2,1,2,2,5,3,6,59,,2,2,1,3,1
927,1,,1,1,2,3,2,2,2,2,2,2,4,2,5,3,7,56,,2,2,1,4,1
3099,1,,1,9,2,1,2,2,1,2,3,2,4,3,4,2,7,73,,2,2,1,2,1
4371,2,,1,1,2,1,2,2,2,2,2,2,2,2,5,3,7,49,,2,2,1,3,1
5019,3,1,1,1,2,2,1,2,2,2,1,3,4,1,3,3,5,22,,2,2,1,3,2
3156,2,,1,2,1,2,1,1,2,1,1,2,1,3,2,5,8,55,,2,2,1,4,2
5281,3,3,1,1,2,1,2,2,2,2,4,2,1,3,2,3,7,39,,2,1,4,3,2
5785,1,,1,2,1,2,1,2,2,2,3,3,4,4,3,4,7,45,,1,2,1,4,2
6779,4,3,1,1,2,1,2,9,9,2,3,2,4,4,9,3,8,37,,1,2,1,3,2
4943,4,1,1,1,2,3,2,2,2,2,2,2,2,2,3,5,5,55,,1,2,1,3,1
455,1,,2,2,1,2,1,2,2,2,3,3,4,4,4,3,7,33,,2,2,1,3,2
370,2,,1,2,1,2,1,1,2,1,3,2,4,4,2,5,5,61,,2,2,1,3,2
4828,4,3,3,2,1,2,1,2,2,2,2,3,2,2,5,3,3,48,,1,2,1,1,2
6828,1,,1,2,1,2,1,9,2,3,2,2,4,2,3,3,6,50,,2,2,1,3,2
4198,3,3,1,2,1,2,1,1,2,2,3,2,4,3,4,5,5,58,,2,2,1,3,2
4747,3,2,2,2,1,1,1,9,2,2,3,3,4,1,2,3,7,63,,2,2,1,1,2
2614,3,3,1,1,2,1,2,2,2,2,3,3,4,4,3,3,7,30,,1,1,4,2,2
6099,4,2,1,2,1,2,1,1,2,2,3,3,4,2,3,5,7,51,,2,2,1,3,2
902,3,1,1,1,2,1,2,2,2,2,3,3,4,4,3,2,8,56,,2,2,1,2,2
3159,3,2,1,2,2,2,1,9,2,2,2,1,2,2,5,3,6,50,,1,2,5,3,2
324,2,,2,2,1,2,1,1,2,1,1,2,1,1,2,5,8,71,,2,2,1,4,2
1240,2,,3,1,2,1,1,2,2,2,3,3,4,4,5,5,3,73,,2,2,1,8,2
6154,3,3,1,2,1,2,1,2,2,2,3,3,4,3,4,3,8,99,2,2,2,1,4,2
7150,3,2,3,2,1,9,1,1,1,1,3,3,4,4,3,3,6,21,,2,2,1,2,1
7156,2,,1,2,1,2,1,1,2,1,1,1,1,1,2,3,7,43,,1,2,1,4,1
225,1,,1,9,2,9,9,2,2,2,3,2,4,4,4,2,7,51,,1,2,1,3,2
5678,4,2,1,2,1,2,1,1,2,2,3,3,4,4,1,3,7,50,,2,2,2,4,2
6103,2,,1,2,2,2,1,2,2,2,2,2,2,2,1,4,6,30,,2,2,2,1,2
4836,3,3,1,2,2,2,1,1,2,9,3,2,4,4,3,5,8,74,,2,2,1,9,2
591,3,9,1,2,1,1,1,2,2,2,1,3,4,4,3,4,8,75,,2,2,1,2,2
2156,1,,2,1,1,1,1,2,2,2,3,2,4,4,3,3,5,29,,1,2,1,3,1
5147,3,1,1,1,2,1,2,2,2,2,3,2,4,2,5,2,6,59,,2,2,1,2,2
4785,3,1,2,9,2,3,9,9,2,2,4,3,1,3,4,9,5,90,,2,2,1,3,2
76,2,,1,2,1,2,1,1,2,1,1,2,4,1,3,5,8,63,,2,2,1,3,2
5340,3,2,2,2,1,2,1,2,2,2,2,2,4,2,2,3,6,44,,1,2,1,3,2
1139,2,,3,2,2,2,2,1,2,1,3,3,4,4,1,3,2,24,,1,2,1,2,1
1112,2,,3,2,2,2,1,1,2,3,2,3,2,2,3,3,6,29,,2,1,4,1,1
4461,1,,1,2,2,9,1,2,2,2,2,2,4,3,4,2,3,59,,2,2,1,1,1
5244,4,3,1,1,2,1,2,2,2,2,1,2,3,3,4,3,3,47,,1,2,1,4,1
2330,4,2,1,1,2,2,9,1,2,2,3,2,2,4,1,5,5,25,,2,2,1,8,2
6296,4,1,1,1,2,1,2,2,2,2,1,2,4,1,3,3,3,19,,2,2,1,1,1
2354,2,,1,1,1,1,1,1,2,1,3,1,4,2,3,3,3,68,,2,2,2,8,1
151,1,,1,2,2,3,2,2,2,2,3,3,4,1,4,4,6,66,,2,2,1,2,1
224,3,3,1,2,1,2,1,1,2,2,2,1,2,1,1,5,8,63,,1,2,1,4,1
396,2,,1,2,1,2,2,1,2,2,3,2,4,4,3,5,8,45,,1,2,1,3,1
400,1,,1,1,2,1,2,2,2,2,1,2,4,2,5,4,2,93,,2,2,1,2,1
1194,3,2,1,2,1,2,1,1,2,1,3,2,2,2,1,3,6,56,,2,2,1,1,1
2669,4,3,1,2,1,2,1,9,9,1,1,1,1,2,3,2,7,54,,2,2,1,4,1
3714,3,3,1,1,2,1,2,2,2,2,2,1,2,2,5,3,7,57,,2,2,1,3,1
3934,3,9,1,9,9,2,1,1,2,1,1,1,1,1,9,5,8,99,3,2,2,1,9,1
3847,3,1,1,1,2,1,1,2,9,2,2,2,4,4,2,3,3,81,,2,2,1,2,1
4099,1,,1,1,2,1,2,2,2,2,2,2,2,2,5,1,3,56,,2,2,1,2,1
4426,1,,1,2,1,2,2,1,2,2,2,2,3,2,5,3,3,58,,2,1,4,2,1
4560,4,3,1,2,9,2,1,9,9,2,3,2,2,2,4,9,7,60,,2,2,3,3,1
5543,1,,1,1,2,1,2,2,2,2,3,2,2,2,5,1,7,61,,2,2,1,3,1
28,4,3,2,1,9,3,1,1,9,1,1,3,3,1,4,3,7,30,,2,2,1,2,1
94,2,,1,2,1,2,1,1,2,1,1,3,4,1,3,3,7,39,,1,2,1,3,1
141,1,,1,1,2,1,1,2,2,2,2,2,2,2,5,2,3,55,,2,2,1,3,1
96,3,3,1,2,1,2,1,1,2,9,2,1,2,2,3,2,3,71,,2,2,1,9,1
2401,4,3,1,1,2,9,2,2,9,2,3,2,4,4,9,3,7,60,,1,2,1,2,1
4778,2,,2,2,1,9,1,1,2,1,1,2,1,1,3,5,8,78,,2,2,1,3,1
5710,4,3,2,9,9,2,1,2,2,9,1,2,3,3,3,3,7,54,,2,2,1,4,1
6423,1,,2,2,9,9,2,2,2,2,1,3,4,4,4,3,8,36,,1,2,1,4,2
5961,2,,1,2,1,2,1,1,2,1,3,3,4,3,1,5,5,46,,2,2,1,9,2
5314,1,,1,1,2,3,2,2,2,2,2,1,2,4,4,2,3,71,,2,2,1,1,2
705,2,,1,1,2,2,2,1,2,2,3,2,3,3,2,5,5,28,,9,2,9,2,1
2140,2,,1,2,9,2,1,9,2,2,1,2,4,4,3,3,3,48,,1,2,2,1,1
2678,4,1,1,1,2,2,1,2,2,2,3,3,4,2,4,2,3,48,,2,2,1,2,1
5920,1,,1,1,2,1,2,2,2,2,2,2,4,4,5,1,3,51,,1,2,1,3,2
645,1,,1,1,2,1,2,2,2,2,2,1,2,2,4,1,7,57,,2,2,1,2,2
4116,1,,1,1,2,9,1,2,2,2,2,3,4,4,5,2,7,55,,2,2,1,3,2
6712,1,,1,2,1,2,1,1,2,9,1,2,3,4,2,3,6,27,,1,2,1,3,2
2888,2,,2,2,1,2,9,1,2,1,3,3,2,4,2,5,5,48,,1,2,1,2,1
4932,3,3,1,2,1,2,1,1,2,3,2,2,2,2,3,3,3,79,,2,2,1,1,2
5316,1,,1,1,2,1,2,2,1,2,1,2,4,4,5,1,3,66,,2,2,1,1,1
359,1,,1,1,2,1,2,2,2,2,2,2,2,2,4,1,7,69,,2,2,1,2,1
4986,3,3,1,1,2,2,2,1,2,3,3,2,3,4,3,3,3,64,,2,2,1,1,1
4966,2,,1,1,9,2,1,1,2,2,3,2,4,1,3,5,8,67,,2,2,1,4,1
5476,2,,1,2,1,2,1,1,2,2,1,2,4,1,1,5,8,35,,2,2,1,1,1
514,3,3,3,2,9,9,9,2,2,2,3,3,4,4,9,3,3,30,,1,2,1,8,2
628,1,,1,2,2,1,2,2,2,2,2,3,4,1,5,2,7,41,,1,2,1,3,2
1826,1,,3,9,9,3,9,2,9,3,3,3,4,4,3,9,2,23,,1,2,1,8,2
2695,4,3,2,1,9,9,9,2,2,2,2,2,2,2,4,3,7,43,,1,2,1,4,2
3040,4,2,2,2,2,2,1,1,2,2,2,3,4,3,4,3,6,22,,1,1,4,2,2
3868,4,3,1,1,2,1,2,2,9,2,2,3,2,2,3,3,6,47,,1,2,1,2,2
3904,3,1,1,2,9,1,1,2,2,2,3,3,4,4,3,3,7,32,,1,2,1,3,1
3932,3,1,1,1,2,1,2,2,2,2,1,1,4,4,5,1,7,46,,1,2,1,4,1
885,1,,1,1,2,1,2,2,2,2,2,3,4,2,4,3,5,54,,2,2,1,3,1
2158,2,,1,2,1,2,1,1,2,3,1,2,4,1,3,5,8,71,,2,2,1,3,1
2740,2,,1,2,1,2,1,1,2,2,3,2,4,4,2,5,5,60,,1,2,1,2,1
3816,1,,1,1,2,2,1,2,2,2,2,2,4,2,5,3,3,47,,1,2,1,3,1
4525,1,,1,1,2,1,2,2,2,2,1,2,4,4,4,3,6,49,,2,2,1,4,1
5167,1,,1,2,2,2,1,2,2,2,3,2,4,1,4,5,8,61,,2,2,1,4,1
3741,2,,3,2,9,2,2,1,1,2,2,3,3,4,3,3,3,18,,2,2,3,1,2
713,2,,1,2,1,1,2,1,1,2,3,3,1,1,5,2,5,79,,2,2,1,1,2
2328,2,,1,2,1,9,1,1,2,2,1,1,2,2,2,5,8,68,,2,2,1,3,2
694,2,,1,2,1,2,1,1,2,2,2,1,4,3,5,5,7,64,,2,2,1,9,1
445,3,1,1,1,2,1,1,2,2,2,3,2,4,4,4,3,5,32,,1,2,1,1,1
823,1,,1,1,2,1,2,1,2,1,1,3,4,3,5,5,5,31,,2,2,1,1,1
3634,1,,2,2,2,1,1,2,1,2,3,3,4,3,4,3,3,22,,2,2,1,2,1
6593,9,9,3,9,9,9,9,1,9,2,3,2,1,3,3,1,5,27,,2,1,4,3,1
5988,1,,1,1,2,1,2,2,2,2,3,3,3,3,4,4,7,24,,2,2,1,3,1
4300,1,,1,1,2,1,2,2,2,2,2,3,3,4,4,2,5,82,,2,2,1,8,2
841,2,,1,2,1,2,1,1,2,1,3,3,4,4,2,5,3,60,,2,2,2,1,2
7316,4,2,2,9,1,2,1,1,1,2,3,3,4,4,9,9,5,20,,2,1,4,2,2
5393,1,,1,1,2,1,2,2,2,2,2,2,2,3,5,3,3,63,,2,2,1,2,2
4886,2,,1,2,1,3,1,1,2,1,3,3,3,4,3,5,8,79,,2,2,1,2,2
362,3,2,1,1,2,1,9,9,1,2,2,1,2,1,3,3,7,43,,2,1,4,2,1
1118,3,2,1,2,2,2,1,2,2,2,2,3,4,3,3,2,7,53,,2,2,1,2,1
418,2,,1,2,1,2,1,1,2,2,3,2,4,2,1,5,5,99,3,2,2,1,3,1
670,1,,1,1,2,3,2,2,2,2,4,2,4,4,4,4,8,70,,2,2,1,4,1
686,4,2,3,9,1,2,2,1,2,2,2,3,2,4,5,3,3,48,,2,2,2,8,1
3735,1,,1,2,1,2,1,2,2,2,2,3,2,2,4,9,5,75,,2,2,1,1,1
4475,1,,1,1,2,1,2,2,2,2,3,1,2,2,4,1,7,68,,2,2,1,3,1
4949,3,2,1,2,1,2,1,2,2,2,2,2,2,2,1,5,7,71,,2,2,1,1,1
5223,3,3,1,1,2,3,9,2,2,2,2,1,2,2,4,4,7,45,,2,2,1,3,1
6401,1,,1,2,2,2,1,2,2,2,1,2,1,3,3,3,7,47,,1,2,1,4,1
381,1,,1,1,2,1,2,2,2,2,1,2,4,2,5,1,4,99,9,2,2,1,9,1
5073,3,2,1,9,2,1,2,2,9,2,2,2,4,4,2,9,8,46,,1,2,3,4,1
383,2,,3,2,9,2,9,1,1,2,4,3,1,1,1,3,1,18,,2,2,2,2,2
2627,2,,1,2,2,2,1,1,2,3,1,3,4,1,1,5,8,36,,1,2,1,4,2
4084,1,,1,1,2,1,2,2,1,2,3,3,4,4,3,4,7,62,,2,2,1,4,2
504,2,,1,1,2,1,2,2,2,2,1,2,4,4,3,3,7,60,,2,2,1,1,1
2585,2,,1,2,1,2,2,1,2,1,3,3,4,1,3,4,2,72,,2,1,4,1,2
5108,2,,1,1,2,2,2,1,2,2,1,1,1,4,2,5,8,48,,1,2,5,4,2
3009,4,3,1,2,9,2,1,1,2,1,4,3,4,4,3,5,3,51,,2,2,2,4,1
3973,1,,2,2,2,9,2,2,9,2,2,3,2,4,3,3,6,39,,1,1,1,1,2
1162,3,2,2,2,1,2,2,1,2,1,3,3,4,4,3,3,6,23,,2,1,1,1,1
297,1,,1,2,2,1,2,2,2,2,3,3,4,4,4,2,3,85,,2,2,1,4,1
5025,1,,1,1,2,2,1,2,2,2,3,3,4,4,3,3,3,72,,2,2,1,1,2
5017,2,,1,2,9,2,1,1,2,9,2,1,2,2,3,4,3,85,,2,2,1,2,2
542,2,,2,2,1,1,1,1,2,1,2,2,2,4,3,3,5,59,,2,2,1,2,1
480,1,,1,2,2,1,1,2,2,2,3,3,4,4,3,3,5,55,,2,2,1,2,1
1222,4,3,1,2,1,2,1,2,2,2,1,1,3,4,9,3,8,40,,1,2,5,4,1
1334,2,,1,2,1,2,1,1,2,1,1,2,1,1,3,5,7,51,,2,2,1,4,1
2617,1,,1,1,2,1,2,2,2,2,2,2,2,2,3,4,6,64,,2,2,1,1,2
1005,1,,1,2,2,1,2,2,9,2,4,3,4,4,5,3,3,81,,2,1,1,2,2
288,3,3,1,2,1,2,1,1,2,9,2,3,2,2,3,5,3,78,,2,2,1,2,2
5478,1,,1,2,1,2,1,1,2,1,2,1,2,4,1,5,8,60,,2,2,1,4,2
5139,3,3,1,2,1,1,2,9,9,1,3,2,4,4,2,4,7,28,,2,1,4,3,1
1716,2,,2,2,1,2,1,1,2,1,3,2,1,1,4,3,6,46,,1,2,2,2,1
1956,2,,1,1,2,1,2,2,2,2,2,2,4,4,4,5,3,71,,2,2,2,1,1
698,1,,1,1,2,1,2,2,2,2,3,2,4,2,5,1,4,48,,2,2,1,4,1
5761,3,1,1,2,2,2,1,2,2,2,2,2,4,2,3,4,8,53,,2,2,1,4,1
5328,1,,1,1,2,2,2,2,2,2,1,1,1,3,4,3,8,50,,1,2,1,4,1
2004,1,,1,1,2,1,2,2,9,2,3,2,4,4,3,3,5,19,,2,2,1,9,1
475,4,3,3,2,1,2,1,2,2,2,2,3,4,4,9,3,3,52,,2,2,1,2,2
742,1,,1,2,2,1,2,2,2,2,4,3,4,1,4,3,7,99,2,2,2,1,9,1
5242,3,2,2,2,1,2,2,1,2,2,2,2,2,2,3,3,5,49,,1,2,1,3,1
3988,2,,1,2,1,2,1,2,2,2,3,3,4,4,5,3,3,84,,2,2,1,2,1
202,1,,1,1,2,1,2,2,2,2,3,2,3,2,5,1,5,80,,2,2,1,3,2
3638,2,,1,2,2,1,1,1,1,1,3,3,3,3,3,3,5,40,,1,2,2,2,2
4882,1,,1,1,2,2,1,2,2,2,2,3,4,4,4,3,3,77,,2,2,1,4,2
1126,2,,2,9,9,9,1,1,1,1,3,2,4,4,3,9,8,41,,1,2,3,4,1
557,1,,1,1,2,2,1,2,2,1,3,3,4,1,5,3,3,71,,2,2,9,1,2
2794,2,,2,2,1,1,1,1,2,2,1,3,4,1,3,3,8,34,,2,2,1,3,1
1085,1,,2,2,2,1,1,2,1,2,3,3,1,2,2,4,3,82,,2,2,1,1,2
549,2,,1,2,1,2,1,1,2,1,4,3,4,3,2,3,7,35,,1,2,2,2,2
1132,2,,1,2,1,2,1,1,2,2,1,1,3,1,1,5,7,61,,2,2,3,3,2
5358,1,,2,9,1,1,1,2,2,2,3,3,4,4,5,5,3,47,,1,2,2,2,1
4027,1,,1,1,2,9,1,1,2,9,1,2,3,3,4,4,6,75,,2,2,1,2,1
107,3,1,1,1,2,1,1,2,2,2,3,3,4,4,5,3,2,99,3,2,2,1,9,2
5724,1,,1,1,2,1,2,2,2,2,4,2,4,4,5,2,5,51,,2,2,1,9,2
2333,4,2,1,2,1,2,2,1,2,2,1,3,4,1,2,5,8,37,,2,2,1,3,1
2730,2,,1,2,1,2,1,1,2,3,2,1,2,2,2,5,3,63,,2,2,1,3,1
540,3,3,2,9,9,1,9,1,1,3,3,3,4,3,3,9,7,26,,2,1,4,3,1
5951,3,1,3,9,1,9,9,2,2,2,3,3,4,4,5,9,2,20,,2,1,4,8,2
164,3,3,1,2,1,2,1,1,2,1,3,2,4,1,3,3,3,78,,2,2,1,1,1
1148,3,1,2,9,9,9,9,1,1,1,3,3,4,4,4,9,5,99,9,2,2,1,8,2
4082,1,,1,1,2,1,2,2,1,2,2,2,3,2,3,2,8,45,,1,2,1,4,2
4998,4,3,3,9,9,1,9,1,2,2,3,3,4,3,9,3,3,23,,1,2,1,2,2
6871,2,,2,2,2,2,1,1,2,1,1,2,3,4,2,3,6,42,,1,2,1,2,2
715,3,3,3,2,1,1,2,1,1,1,1,2,4,4,5,3,5,19,,2,1,4,2,1
2919,3,3,1,2,9,9,1,1,2,1,3,1,4,1,2,9,8,79,,2,1,4,2,1
1041,2,,1,9,9,9,2,9,9,3,3,2,4,4,3,3,6,62,,2,2,1,2,2
1027,3,2,1,2,1,2,1,1,2,1,3,2,4,4,3,3,6,84,,2,2,1,1,2
516,2,,1,2,1,2,1,1,2,2,3,2,4,3,2,5,7,49,,1,2,2,3,1
609,2,,3,2,1,2,1,2,2,2,2,2,4,2,3,5,3,68,,2,2,1,3,1
1033,1,,1,1,2,1,1,2,2,9,3,2,4,4,5,1,4,98,,2,2,1,2,2
5335,3,1,1,1,2,3,2,2,2,2,2,2,2,2,3,3,8,49,,1,2,1,4,1
3476,4,3,3,2,2,2,1,9,9,9,2,3,4,4,4,9,2,29,,1,2,2,1,2
955,3,1,2,1,2,9,9,2,2,2,4,3,4,1,4,9,5,25,,2,2,1,1,1
5502,3,3,1,2,2,2,2,9,9,3,1,2,4,2,4,4,8,55,,2,2,1,4,1
6424,2,,1,2,1,2,2,1,1,3,1,1,1,1,1,1,3,53,,2,2,1,2,2
5350,2,,1,9,1,2,1,1,2,2,2,2,2,2,1,5,8,54,,2,2,1,4,1
1040,2,,3,2,9,3,1,9,1,1,1,3,4,3,3,9,6,62,,2,2,1,2,1
4884,2,,2,1,2,1,2,2,2,2,2,3,4,4,4,3,7,65,,2,2,1,3,1
5067,1,,1,1,2,1,2,2,1,2,3,2,4,4,4,2,7,42,,1,2,1,3,1
191,3,1,1,2,2,2,2,2,2,2,3,2,2,2,4,3,5,73,,2,2,1,4,2
68,1,,1,2,1,2,1,1,2,2,3,2,4,2,2,3,4,90,,2,2,1,2,2
2457,4,3,1,1,2,2,2,2,2,2,2,3,4,4,4,9,4,90,,2,2,1,1,2
2820,2,,1,1,2,9,2,2,2,2,3,3,4,4,4,5,2,81,,2,2,1,1,2
351,1,,1,2,2,3,1,2,1,2,3,2,1,3,4,3,5,64,,2,2,1,4,2
4964,1,,1,1,2,3,2,2,2,2,3,3,4,4,4,2,7,65,,2,2,1,9,2
5327,3,2,3,2,9,2,1,9,2,2,2,2,2,2,3,3,8,56,,2,2,1,3,2
7238,1,,1,1,2,1,2,2,2,2,3,3,4,3,4,3,7,47,,1,1,1,4,2
1017,2,,1,2,2,2,2,1,2,2,3,2,3,1,1,5,7,66,,2,2,1,3,1
5283,3,3,1,1,2,1,2,2,2,2,2,1,4,2,4,3,3,79,,2,2,1,2,1
1103,2,,1,2,1,2,1,1,2,1,1,1,1,4,1,5,7,61,,2,2,1,3,1
3107,1,,1,1,2,3,2,2,2,2,2,1,1,3,4,4,3,50,,2,2,1,9,1
570,2,,1,2,1,2,1,1,1,2,3,2,4,4,1,3,7,22,,2,2,1,2,2
144,3,3,1,2,1,2,1,1,2,1,2,3,4,1,2,2,5,69,,2,2,1,3,2
5366,3,3,1,1,2,1,2,2,2,2,2,2,2,4,5,1,3,71,,2,2,1,3,1
4181,2,,1,2,1,2,1,1,2,3,3,2,2,4,4,3,3,65,,2,2,1,1,2
4823,1,,1,1,2,1,2,2,1,2,4,2,4,1,4,4,5,69,,2,2,1,9,2
78,2,,1,2,1,2,1,1,1,1,2,2,4,2,2,5,7,67,,2,2,1,3,2
4408,2,,1,2,1,2,1,1,2,1,2,2,2,4,1,5,6,32,,1,2,1,3,2
4556,1,,1,2,2,1,1,2,2,2,3,2,4,4,5,2,5,72,,2,2,1,4,2
6464,3,3,3,2,2,2,2,2,2,2,2,3,1,1,1,3,5,24,,2,1,1,2,2
214,4,2,2,2,1,2,1,1,2,2,3,2,3,1,3,5,7,86,,2,2,5,8,2
3607,3,3,1,2,1,2,1,9,2,2,3,2,1,1,3,3,5,20,,2,2,1,2,2
1021,2,,2,2,1,2,1,1,2,2,2,2,4,2,4,3,5,41,,2,2,1,2,2
4844,1,,1,1,2,1,2,2,2,2,2,1,2,2,5,3,3,86,,2,2,1,2,1
5702,3,2,3,9,9,1,9,1,2,1,3,3,4,4,3,3,7,46,,2,2,1,3,2
3480,2,,1,1,1,2,2,1,2,2,3,2,4,2,3,3,3,63,,2,2,1,1,2
5551,1,,3,2,1,1,2,1,1,1,2,2,1,3,1,2,3,43,,2,2,2,4,2
161,1,,1,1,2,1,2,2,2,2,3,2,2,4,5,1,5,50,,2,2,1,2,2
5451,4,3,1,1,2,2,1,2,9,2,2,3,4,4,3,3,5,47,,2,2,1,1,2
5563,2,,1,2,1,2,1,1,1,1,3,2,4,3,3,4,3,53,,2,2,1,3,2
5771,9,1,3,2,1,9,1,1,2,2,2,2,3,4,4,9,3,51,,2,2,1,2,2
4058,2,,1,2,1,2,1,1,2,1,1,3,4,4,3,5,6,56,,2,2,1,3,1
5294,3,1,1,1,2,1,2,2,2,2,1,2,4,4,5,1,7,72,,2,2,1,3,1
1724,4,3,2,1,2,1,2,2,2,2,2,2,2,2,5,1,5,50,,1,2,1,4,1
4810,1,,1,1,2,9,1,2,2,2,3,3,4,2,5,1,6,98,,2,2,1,9,1
5266,3,2,1,9,9,2,1,1,2,2,3,2,4,2,2,5,8,80,,2,2,1,3,1
1610,2,,1,2,1,2,1,1,2,2,1,1,3,3,1,5,8,66,,2,2,1,4,1
2564,1,,1,1,2,1,2,2,2,1,3,2,4,3,4,2,7,57,,1,2,1,4,1
3184,4,2,1,2,1,2,1,1,2,9,1,2,1,1,3,5,7,55,,2,2,1,4,1
5076,2,,2,2,1,9,9,1,1,1,1,2,4,4,2,3,7,29,,2,2,1,2,1
5259,3,1,1,1,2,1,2,2,2,2,2,2,4,2,3,3,5,67,,2,2,1,3,1
5326,1,,1,1,2,2,2,2,2,2,3,2,4,2,9,5,6,70,,2,2,1,8,1
5390,1,,1,2,2,3,2,2,2,2,4,3,4,2,4,2,3,55,,2,2,9,9,1
4549,1,,1,1,2,1,2,2,2,2,2,2,4,2,4,3,5,56,,2,2,1,4,1
5701,2,,1,2,1,2,1,1,2,1,2,1,2,2,3,4,7,56,,2,2,1,3,1
7286,1,,1,9,2,1,2,2,2,2,1,2,2,3,3,3,8,48,,1,2,1,4,1
6474,4,3,1,1,2,1,2,2,2,2,3,2,2,4,5,1,3,52,,1,2,9,2,1
597,2,,2,2,1,2,1,1,2,1,2,2,2,4,1,9,7,70,,2,2,1,2,1
6147,1,,1,1,2,1,2,2,1,2,2,1,2,2,4,3,5,54,,2,2,1,4,2
4014,2,,1,2,1,2,1,1,2,1,3,2,4,4,3,5,8,70,,2,2,1,3,2
1218,1,,1,1,2,1,2,2,2,2,4,2,4,2,5,1,8,66,,2,2,1,3,1
3172,3,3,2,9,2,1,9,2,2,2,3,2,4,2,1,5,3,21,,2,2,3,4,1
4990,2,,1,9,1,2,1,1,2,2,3,2,4,2,2,5,7,65,,2,2,1,4,1
2986,2,,1,1,2,2,1,1,2,1,1,1,1,2,3,5,7,61,,2,2,1,3,1
3618,4,1,1,1,2,1,2,9,9,2,3,2,4,4,4,3,6,61,,2,2,1,2,2
2581,3,1,1,1,2,1,2,2,2,2,3,2,4,4,5,1,4,60,,2,2,1,3,1
230,3,3,1,9,1,3,1,1,2,1,3,3,4,4,3,9,5,44,,2,2,1,9,1
7222,3,3,1,2,2,3,1,9,2,2,2,2,4,4,3,3,6,43,,1,2,1,3,2
7274,4,3,2,2,9,2,1,2,9,2,3,2,1,4,9,3,3,37,,1,2,1,1,2
4544,2,,1,1,2,2,1,2,2,2,3,1,2,2,1,5,7,49,,2,1,4,1,2
5054,2,,1,2,1,1,1,1,2,2,1,1,1,1,3,5,7,66,,1,1,3,3,1
3808,2,,1,2,1,2,1,1,2,1,1,1,3,4,1,4,7,72,,2,2,2,3,1
4261,2,,1,2,1,2,1,1,2,1,1,3,4,1,1,5,8,38,,2,2,1,3,2
580,1,,2,2,2,3,1,2,2,2,3,2,4,1,4,3,3,26,,1,2,1,2,1
876,3,2,3,2,1,2,1,1,1,3,2,2,1,1,3,1,5,21,,1,2,2,1,2
6258,2,,1,2,1,2,1,1,2,2,2,1,2,2,2,5,3,45,,1,2,2,2,1
6623,1,,3,2,9,9,1,1,1,2,3,3,4,4,3,1,7,47,,1,2,1,3,2
1966,2,,1,2,1,2,1,1,9,3,3,2,4,3,3,5,3,80,,2,2,1,2,1
5295,3,2,1,2,2,9,1,1,2,3,1,3,4,4,2,3,7,54,,2,2,1,1,2
5053,3,1,1,1,2,1,2,2,2,2,1,2,2,1,3,1,3,52,,2,2,1,4,1
4018,1,,1,2,2,3,1,2,2,2,3,3,4,2,4,3,7,60,,2,2,1,3,2
5803,2,,1,2,2,2,1,1,2,2,3,1,4,4,3,3,3,53,,2,1,4,1,2
4454,2,,1,2,1,2,1,1,2,2,3,3,4,4,2,5,5,90,,2,2,1,1,2
3487,3,2,1,2,1,2,1,1,2,1,1,2,4,4,2,5,8,72,,2,2,1,4,2
1427,2,,1,1,2,1,1,9,2,2,2,2,4,2,4,5,6,38,,1,2,1,4,1
633,1,,2,9,9,1,1,2,1,2,2,2,2,4,3,5,3,63,,2,2,1,1,1
3717,3,1,2,1,2,9,2,2,2,2,2,3,4,2,5,3,7,37,,1,2,1,2,1
5011,1,,1,1,2,1,2,2,2,2,1,3,4,2,4,3,8,60,,2,2,1,3,2
819,3,3,1,9,2,2,2,9,2,1,1,1,1,1,3,4,7,24,,2,2,1,3,1
672,1,,1,1,2,1,2,2,2,2,3,1,4,2,5,1,7,41,,1,2,1,4,1
1030,4,9,1,1,2,1,2,2,2,2,2,1,3,2,3,1,8,48,,2,2,1,4,2
5133,3,1,1,2,2,2,9,2,9,2,3,3,4,4,3,3,8,42,,2,2,1,4,1
5298,3,1,1,1,2,2,1,1,2,1,2,2,3,2,5,3,7,22,,1,2,1,4,1
6357,3,9,2,2,2,1,2,2,9,2,3,2,4,2,4,3,5,39,,1,2,1,1,1
4340,2,,2,2,1,2,1,9,2,2,2,2,2,2,5,5,7,50,,1,2,2,1,1
466,2,,2,2,1,2,1,1,2,1,1,1,3,4,3,5,8,62,,2,2,1,4,2
5686,2,,1,2,2,2,1,2,2,2,2,3,2,2,5,3,7,60,,2,2,1,3,2
1486,3,1,1,2,1,9,2,1,1,1,3,3,4,4,3,3,5,28,,2,2,1,8,1
4157,1,,1,1,2,2,2,2,2,2,2,3,4,4,2,3,3,85,,2,2,1,2,1
5391,2,,1,2,1,9,1,1,2,2,4,1,1,2,2,5,8,64,,2,2,1,3,1
4535,1,,3,2,9,1,1,2,9,2,1,3,4,1,5,4,7,39,,2,2,1,1,2
3672,2,,3,2,9,2,1,1,1,2,3,2,2,4,3,3,3,60,,2,2,1,1,2
2297,1,,1,1,2,1,2,2,2,2,3,2,4,4,5,3,5,61,,2,1,1,1,2
849,4,2,2,2,1,2,1,1,2,2,3,3,2,4,5,3,5,20,,2,2,2,1,2
150,4,3,3,9,9,3,1,1,2,1,3,2,4,4,4,9,3,59,,2,2,1,4,2
1045,2,,1,2,1,2,1,1,2,3,3,2,4,4,1,5,6,87,,2,1,4,2,2
2615,2,,1,2,1,2,1,1,2,2,1,2,4,2,3,5,7,58,,2,2,1,4,2
5284,2,,1,2,1,2,1,1,2,3,2,3,4,2,2,4,8,66,,2,2,2,3,2
499,3,1,1,1,2,1,2,2,2,2,4,2,2,4,3,1,8,64,,2,2,1,4,2
133,3,1,1,2,1,1,1,2,2,2,3,3,4,4,3,3,7,53,,2,2,1,4,1
3006,4,1,2,9,2,9,1,9,9,1,4,2,1,1,4,3,3,21,,2,2,1,3,1
6090,2,,1,2,1,2,1,1,1,1,1,2,4,4,1,5,8,48,,1,2,1,3,2
206,1,,2,1,2,1,2,2,2,2,3,3,4,4,5,3,3,65,,2,2,1,3,2
563,2,,1,9,2,1,2,2,2,2,3,2,4,3,4,3,3,99,3,2,2,1,2,2
676,3,2,1,2,1,2,1,2,2,2,1,2,3,1,3,5,8,56,,2,2,1,3,2
4504,1,,1,1,2,1,1,2,2,2,2,3,4,2,4,3,6,72,,2,2,1,9,2
637,2,,2,2,1,2,1,1,1,1,1,2,1,1,4,3,3,69,,2,2,2,2,1
4047,1,,1,1,2,3,2,2,2,2,2,2,2,2,5,2,3,74,,2,2,1,2,1
3452,3,9,1,9,2,3,2,9,2,2,2,3,4,2,3,3,6,44,,1,2,9,2,1
7441,4,2,1,1,2,1,2,2,2,2,1,2,4,4,5,3,6,41,,2,2,1,3,1
5308,2,,1,2,9,2,1,1,2,3,2,1,2,2,1,5,7,60,,2,2,1,3,2
4821,2,,1,2,1,2,1,1,2,3,1,2,4,4,4,9,3,58,,1,2,1,1,2
6450,2,,3,2,1,2,1,1,2,2,2,3,2,2,3,5,2,33,,1,2,2,3,1
201,3,2,1,2,1,2,1,1,2,2,3,2,4,4,3,5,7,87,,2,2,1,2,1
3615,4,1,1,1,2,2,1,2,1,2,2,1,3,2,5,2,7,45,,1,2,1,3,1
1474,2,,1,1,1,2,1,1,2,2,1,1,1,1,1,5,5,62,,2,2,1,3,1
3959,3,3,1,2,2,2,1,2,2,2,3,3,4,4,3,3,3,53,,2,2,1,2,1
3651,1,,1,2,1,2,1,2,2,2,3,2,4,4,3,5,8,60,,2,2,1,4,1
6486,2,,2,2,9,2,1,1,2,2,3,3,4,4,3,3,5,21,,2,2,1,2,2
685,1,,1,1,2,1,2,2,2,2,1,1,4,2,5,1,7,51,,1,2,1,9,1
3153,2,,1,2,2,1,1,1,1,1,2,2,4,2,3,9,8,37,,2,2,1,4,1
4024,3,1,1,1,2,1,2,2,2,2,3,2,3,2,4,4,7,99,3,2,2,1,2,1
5003,2,,1,2,1,2,1,1,2,1,2,1,2,2,2,5,8,62,,2,2,1,3,1
1079,1,,1,1,2,1,2,2,9,2,4,2,4,4,3,3,7,60,,2,2,1,3,2
5531,1,,2,9,2,9,2,2,9,2,1,3,4,2,5,9,8,54,,2,2,1,4,2
7261,2,,1,2,1,2,1,1,2,1,2,3,3,3,5,3,3,52,,2,2,2,1,2
117,3,2,3,2,2,2,1,2,2,2,3,2,2,3,4,3,3,48,,1,2,1,3,2
6990,2,,3,2,1,2,1,1,2,1,3,3,4,1,3,2,3,54,,1,1,4,1,2
1142,2,,1,2,1,2,1,1,9,3,3,2,4,4,4,4,3,72,,2,2,1,1,2
2522,3,3,3,1,2,9,1,1,9,9,3,1,2,2,3,3,6,86,,2,2,1,3,1
4692,3,2,1,2,1,2,1,1,2,1,2,1,2,2,2,5,4,69,,2,1,3,2,1
34,4,3,1,2,9,2,1,9,2,2,3,2,1,3,1,1,8,32,,2,2,1,1,1
1828,3,2,1,1,2,2,1,9,2,9,1,3,4,4,2,4,7,62,,2,2,1,3,1
2923,4,9,1,1,9,9,1,1,2,2,3,2,4,4,1,5,3,85,,2,2,9,9,1
69,1,,1,1,2,1,2,2,2,2,3,2,4,1,5,3,5,72,,2,2,1,2,2
2563,2,,1,2,1,2,1,1,2,1,3,1,2,2,2,5,8,61,,2,2,1,3,2
3146,2,,1,2,1,2,1,1,2,1,3,2,4,3,1,5,7,65,,2,2,1,3,1
3859,4,2,1,2,1,2,1,1,2,2,1,3,3,4,5,3,5,23,,1,2,2,1,1
2282,3,1,1,1,2,1,1,2,2,2,3,2,4,4,4,3,7,71,,2,2,1,3,2
1097,1,,1,1,2,1,2,2,1,2,1,2,4,1,5,1,3,67,,2,2,1,2,2
938,1,,1,1,2,1,2,2,2,2,3,2,3,3,3,1,3,92,,2,2,1,1,2
4550,2,,1,2,1,2,1,1,2,3,3,1,4,4,1,5,8,77,,2,2,1,3,2
3979,2,,3,9,2,1,1,2,2,1,1,3,3,2,4,5,3,82,,2,2,1,1,2
5216,1,,2,2,1,2,1,1,2,1,2,2,4,2,4,9,3,63,,2,2,2,1,2
1000,1,,1,1,2,3,2,2,2,2,2,1,2,2,5,4,6,64,,2,2,1,3,1
790,1,,1,2,1,2,1,1,2,2,2,1,2,2,5,3,8,99,9,2,2,1,4,1
4593,4,2,3,2,1,1,1,1,9,1,3,3,4,4,9,3,3,21,,2,2,1,1,1
5337,2,,1,2,1,1,1,2,2,2,1,3,3,1,3,4,8,54,,1,2,1,4,2
7539,2,,1,2,1,2,1,1,2,1,1,2,1,1,3,5,5,42,,2,2,1,2,2
4413,2,,1,2,1,2,1,1,2,1,1,1,2,2,1,4,3,74,,2,2,1,2,2
552,2,,1,2,1,2,1,1,2,3,3,2,4,4,3,5,5,79,,2,2,1,1,2
1011,2,,1,2,1,2,1,1,2,1,1,1,1,1,2,5,8,69,,2,2,1,3,2
2815,4,2,1,1,1,2,1,1,2,2,1,1,3,1,1,5,6,99,3,2,2,1,9,2
4218,1,,1,1,2,1,1,2,2,2,4,3,4,3,5,2,5,76,,2,2,1,2,2
5321,4,1,1,9,1,9,1,2,9,2,4,2,4,4,3,3,5,70,,2,2,1,3,2
3831,2,,1,2,2,2,1,1,2,2,3,1,4,2,3,5,8,67,,2,2,1,2,2
156,1,,1,1,2,1,2,2,2,2,2,1,2,2,4,3,6,49,,2,2,1,3,1
4352,3,2,1,2,1,2,1,9,2,2,3,1,4,2,2,4,8,74,,2,2,1,3,2
3161,1,,1,1,2,3,2,2,2,2,3,3,4,4,4,3,7,38,,1,2,1,3,2
1533,3,2,3,9,2,2,2,2,2,2,3,3,4,2,5,9,2,27,,2,2,1,1,2
216,2,,1,2,1,2,1,1,2,2,3,2,4,3,3,4,5,56,,2,2,2,2,1
3072,3,1,1,1,2,1,2,2,2,2,1,2,4,2,5,1,8,99,2,2,9,9,2,1
333,3,3,1,1,2,2,9,9,2,2,3,2,1,1,3,4,7,77,,2,2,1,2,1
530,2,,1,2,1,2,1,1,2,2,3,2,4,4,1,5,3,23,,2,2,1,2,2
2963,4,1,2,2,1,2,2,1,2,2,1,2,1,4,3,3,3,31,,1,2,1,2,1
3695,1,,1,1,2,1,2,2,2,2,2,1,2,2,5,1,3,28,,2,1,4,1,1
4668,4,2,2,9,1,2,1,1,9,1,3,2,1,1,1,3,5,22,,2,1,4,4,1
2491,1,,1,1,2,1,2,2,2,2,3,3,4,4,5,4,7,70,,2,2,1,3,2
4578,2,,3,2,1,2,1,1,2,2,3,3,4,4,5,5,3,40,,1,2,2,1,2
2838,4,2,1,2,1,1,9,1,2,2,1,1,1,1,3,4,8,30,,2,1,1,3,2
2185,2,,3,2,9,9,1,1,9,3,3,3,4,1,2,5,8,35,,1,2,1,4,2
3940,1,,1,2,2,2,1,9,9,2,3,3,2,4,4,3,1,45,,1,2,1,2,2
6207,3,1,1,2,2,1,1,2,2,2,1,2,1,1,3,3,7,25,,2,2,1,4,2
6485,3,1,1,2,1,2,1,1,2,1,1,1,1,1,3,5,8,54,,2,2,1,4,2
726,3,2,1,2,1,1,1,2,2,2,3,2,4,2,3,5,5,60,,2,2,1,1,2
6323,1,,3,1,2,2,2,2,2,2,1,2,4,1,5,3,8,48,,1,2,1,4,2
4788,1,,1,1,2,9,1,2,2,2,3,2,4,2,3,3,6,46,,2,2,1,3,2
2419,3,1,2,2,9,1,2,1,9,1,1,3,4,3,4,1,6,19,,2,1,4,1,1
4861,1,,2,1,2,9,2,2,2,2,3,3,4,4,5,3,8,47,,1,2,1,4,2
419,2,,3,2,2,2,1,1,2,2,2,3,4,4,3,3,7,55,,2,1,4,1,1
639,3,1,1,1,2,2,1,2,2,2,3,3,4,4,3,3,2,49,,2,2,1,1,2
5359,2,,2,2,9,2,1,1,2,2,3,3,4,4,3,9,3,50,,2,2,3,2,1
5619,4,1,2,1,2,1,2,2,2,2,3,2,4,3,4,2,7,51,,1,2,1,3,1
408,1,,1,2,2,2,1,1,9,2,2,3,2,2,3,4,7,42,,2,2,9,3,2
652,4,3,2,2,1,2,1,9,9,3,3,2,4,4,3,3,8,47,,1,2,1,4,2
4013,9,3,3,2,9,1,9,9,9,2,3,3,4,4,9,9,6,29,,1,2,1,1,2
4265,2,,1,1,2,2,2,2,2,1,3,2,4,4,3,5,7,41,,2,2,1,1,2
4758,1,,1,2,2,1,1,2,2,2,1,2,3,1,3,5,8,32,,1,2,1,4,2
4069,1,,1,1,2,1,2,2,2,2,2,3,4,4,5,1,3,85,,2,2,1,1,2
3674,2,,2,1,1,2,1,1,2,1,3,3,4,4,5,1,2,62,,2,2,2,2,2
3185,1,,1,1,2,1,2,2,2,2,2,2,2,2,5,1,7,52,,2,1,4,3,2
925,1,,1,1,2,1,2,2,2,2,2,2,2,2,5,3,5,75,,2,2,1,2,1
691,2,,3,1,2,1,1,1,2,2,3,2,4,4,3,9,3,89,,2,2,1,1,2
928,2,,2,1,2,2,2,1,2,1,1,2,4,4,3,3,7,22,,2,1,1,1,2
4735,1,,1,9,2,2,1,2,2,2,1,2,1,4,4,5,7,85,,2,2,1,4,2
4733,2,,2,2,1,9,1,1,1,9,3,3,4,4,9,9,3,81,,2,2,1,8,2
2586,3,2,1,2,9,2,1,1,9,2,1,2,3,4,2,5,5,60,,1,1,4,1,2
5271,3,3,1,2,1,2,1,9,2,2,2,1,2,4,3,5,7,54,,2,2,1,3,2
2171,3,2,3,2,1,1,2,1,1,1,3,2,4,3,1,3,6,23,,2,1,4,1,2
2915,9,2,2,1,2,2,2,2,9,2,3,3,4,4,5,9,8,47,,2,2,1,2,2
2053,3,2,1,2,1,2,9,1,2,2,1,2,1,1,1,5,5,67,,2,2,1,2,1
6367,2,,3,9,2,2,9,1,9,3,3,2,4,2,4,3,1,99,9,2,2,2,1,2
3414,3,9,1,1,2,1,2,2,2,2,3,2,4,4,4,2,7,77,,2,2,1,3,2
3193,1,,3,2,2,1,1,1,1,1,3,2,3,1,2,3,3,18,,2,1,4,3,2
3764,2,,2,2,1,2,1,1,2,3,3,2,4,4,5,4,3,77,,2,2,2,9,2
4103,3,2,1,2,1,2,1,1,2,1,3,2,3,3,3,4,8,67,,2,2,2,3,2
6126,2,,1,2,1,2,1,1,2,3,1,1,4,4,2,5,6,33,,1,2,1,4,1
7208,1,,1,1,2,1,2,2,2,2,3,2,2,4,5,3,7,51,,1,2,1,4,2
2368,2,,2,9,9,9,2,9,1,9,2,2,2,3,4,9,2,80,,2,2,5,2,2
1988,3,3,3,9,9,9,9,2,2,1,1,3,4,3,4,9,9,99,1,9,2,5,9,1
3165,4,1,1,2,1,2,1,1,2,2,2,1,2,2,9,5,7,35,,2,1,5,4,1
4016,3,3,1,1,2,1,2,2,2,2,3,2,3,2,3,3,8,99,3,2,2,5,4,1
4022,3,2,1,9,1,2,1,1,2,2,4,2,4,4,3,3,8,63,,2,2,1,9,2
1019,2,,1,2,1,2,1,1,2,1,1,2,4,4,2,5,7,71,,1,2,1,2,2
5250,2,,1,2,1,2,1,1,2,2,3,2,4,3,3,5,7,47,,1,2,1,4,1
60,3,3,3,2,1,2,1,1,2,2,2,2,4,1,4,3,3,35,,1,2,2,1,2
87,4,3,1,9,2,1,1,9,2,2,3,2,3,4,3,3,3,52,,2,2,1,2,1
65,1,,2,2,9,2,1,2,2,2,3,2,4,4,5,3,7,88,,2,2,1,2,1
103,1,,1,1,2,1,2,1,2,2,3,2,1,4,3,3,6,50,,2,2,1,4,2
189,1,,2,2,1,1,1,1,1,1,1,2,3,4,3,3,3,18,,2,2,1,2,1
145,3,2,1,9,9,2,1,1,2,2,2,3,4,2,1,5,3,81,,2,2,1,8,1
219,3,3,2,2,1,2,1,1,2,2,3,3,4,4,9,9,9,82,,9,2,1,9,2
212,2,,1,2,1,3,1,1,1,2,1,2,4,1,2,4,8,54,,2,2,1,4,1
179,4,3,1,1,2,9,2,2,2,2,2,2,2,2,9,3,4,57,,2,2,1,9,1
296,1,,1,1,2,1,2,2,2,2,1,2,4,4,4,2,7,62,,2,2,1,3,2
311,3,3,1,2,1,1,1,1,1,1,3,2,4,4,4,4,3,63,,2,2,2,3,1
321,2,,2,2,1,2,1,1,2,2,3,2,4,4,2,3,3,59,,2,2,1,1,1
339,1,,1,1,2,1,1,2,2,1,1,3,2,2,5,4,3,19,,2,2,1,1,1
349,2,,2,2,1,9,1,1,9,3,3,3,4,4,3,9,3,79,,2,2,1,4,2
323,2,,2,2,1,2,9,1,2,2,3,3,4,4,4,9,4,89,,2,2,1,1,1
388,4,3,1,2,9,2,1,9,2,2,3,3,4,4,9,3,3,99,3,2,2,2,9,1
378,1,,1,1,2,1,2,2,2,2,1,1,4,3,4,5,5,80,,2,2,1,3,2
413,9,3,2,1,2,2,1,2,2,2,2,3,2,3,9,3,2,88,,2,2,1,2,1
399,3,2,1,9,9,2,1,1,2,3,3,2,4,4,3,5,8,70,,2,2,2,9,2
416,4,3,3,2,1,2,1,1,2,3,3,2,4,4,3,9,3,77,,2,2,1,1,2
401,4,1,2,2,1,1,2,1,1,1,4,2,1,1,1,9,1,59,,2,2,2,4,1
422,1,,1,1,2,1,2,2,2,2,3,2,4,4,4,3,3,71,,2,2,1,1,2
462,9,9,3,9,9,2,1,2,1,2,3,3,4,4,9,9,3,18,,2,2,1,8,2
454,2,,1,2,1,2,1,9,9,1,3,3,4,4,4,2,3,63,,2,2,1,1,1
494,4,3,1,2,2,1,1,2,2,2,2,3,2,2,9,3,6,53,,2,2,1,1,1
660,2,,1,2,1,2,1,2,2,2,3,3,4,9,9,9,9,63,,9,2,1,9,2
654,1,,2,1,2,1,2,2,1,2,1,3,4,1,1,4,7,98,,2,2,1,2,1
700,3,1,1,1,2,9,2,2,2,2,2,2,2,2,5,9,6,70,,2,2,1,1,1
842,4,3,1,1,2,9,2,1,2,2,2,2,2,2,1,1,6,24,,2,2,1,2,1
838,4,3,1,1,2,2,1,1,9,9,3,2,2,1,3,9,8,36,,1,2,3,8,2
920,1,,1,1,2,9,1,2,2,2,3,2,3,1,5,2,7,40,,1,2,1,3,2
961,2,,1,9,9,9,1,1,2,1,2,2,2,2,2,9,6,69,,2,2,2,4,1
975,4,3,2,2,9,9,1,9,9,2,3,3,4,4,9,9,3,81,,2,2,1,9,2
992,3,1,1,1,2,1,2,2,2,2,3,2,2,2,4,9,5,80,,2,2,1,1,1
1035,1,,1,9,9,9,1,2,9,2,9,3,4,4,5,3,3,85,,2,2,1,1,2
1048,9,3,2,2,1,2,1,2,9,2,3,3,4,4,4,3,1,65,,2,1,4,2,2
1060,1,,1,1,2,1,2,2,2,2,2,2,2,2,3,3,7,36,,1,2,1,3,1
1069,4,3,2,2,9,9,2,2,2,2,2,1,2,2,3,3,7,45,,1,1,4,3,1
1077,1,,1,1,2,2,2,2,2,2,2,3,2,4,1,3,7,79,,2,2,1,2,1
1098,1,,1,2,2,9,1,2,9,2,3,3,4,4,5,3,5,48,,2,2,1,8,2
1131,3,2,1,2,9,2,1,1,2,3,3,2,4,4,3,5,7,65,,2,2,9,4,1
869,2,,2,2,9,2,1,1,2,1,3,2,3,3,3,1,8,58,,2,2,2,4,2
848,4,2,1,2,1,2,2,1,1,1,1,3,3,3,3,3,5,25,,2,2,1,2,1
985,1,,2,2,9,2,2,1,1,1,2,3,3,3,2,3,5,20,,2,9,3,2,2
429,2,,2,1,2,1,2,1,9,1,3,2,1,4,3,4,3,19,,2,1,4,2,1
389,1,,2,1,2,1,1,2,2,2,1,3,1,3,3,4,8,34,,1,2,1,4,1
12,4,1,1,1,2,1,2,2,2,2,3,2,4,4,5,1,7,31,,1,2,3,1,1
147,9,2,1,1,2,2,1,2,2,2,2,3,2,2,2,9,4,67,,2,2,2,3,1
346,4,3,3,9,2,2,1,2,2,2,3,3,4,4,4,3,6,36,,1,2,1,1,1
22,2,,1,2,1,9,9,9,9,9,9,3,9,9,3,3,5,57,,1,2,2,3,2
44,3,3,1,9,2,2,1,9,2,9,3,1,4,4,3,9,8,38,,1,2,1,4,1
484,1,,1,1,2,1,9,9,9,9,9,3,3,3,2,4,7,51,,1,2,1,4,1
1076,4,3,2,2,1,2,1,9,2,3,1,3,3,3,4,4,8,40,,1,2,1,3,1
892,9,1,1,9,9,9,1,9,9,9,1,3,1,1,2,4,7,40,,1,2,1,4,2
1496,2,,1,2,1,2,1,1,2,1,3,1,2,2,1,5,8,30,,2,2,1,1,2
1539,3,2,1,2,1,2,2,1,2,1,2,1,2,2,3,5,7,42,,1,2,1,3,1
1717,9,1,1,1,2,2,2,2,2,2,3,2,4,4,4,2,3,60,,2,2,1,3,1
1731,1,,1,1,2,1,2,2,1,2,3,2,4,4,5,9,8,65,,2,2,3,1,2
1849,2,,3,9,9,9,9,9,9,3,3,3,4,4,9,9,3,66,,2,9,2,9,2
2115,2,,2,2,9,2,1,1,2,3,3,2,4,1,3,5,8,27,,2,2,1,4,2
2164,3,1,1,1,2,3,2,2,2,2,1,1,1,1,4,2,6,81,,2,2,1,3,1
2202,9,3,1,1,2,2,1,2,2,2,3,3,4,2,2,3,6,72,,2,2,1,9,2
2208,4,3,1,2,1,2,2,1,1,1,1,2,4,4,3,4,8,50,,2,2,3,4,1
2309,2,,1,2,1,2,1,1,2,1,2,1,2,2,2,5,7,36,,2,2,1,3,1
2273,1,,3,2,9,3,9,2,9,3,1,2,4,4,4,3,5,39,,2,2,1,1,2
2439,1,,2,2,2,9,1,2,2,2,3,3,4,4,4,9,3,84,,2,2,1,2,1
2517,2,,3,2,1,1,1,1,1,1,1,2,4,1,3,3,3,25,,2,1,3,1,1
2520,3,3,3,1,9,2,2,1,1,2,3,3,4,2,3,9,1,65,,2,2,1,9,2
2535,2,,2,2,1,2,1,1,1,2,3,2,4,4,2,5,3,68,,2,2,1,1,1
2481,2,,1,2,2,2,1,9,2,1,3,2,4,1,2,5,7,67,,2,2,1,2,2
2570,3,1,1,2,2,1,2,2,1,2,3,3,4,4,5,3,5,63,,2,1,4,4,2
2507,9,3,1,2,2,1,9,1,2,2,3,3,4,4,2,3,8,73,,2,2,1,4,2
2551,3,3,2,2,9,2,1,9,9,3,3,3,4,4,3,9,3,83,,2,2,1,1,2
2625,3,3,1,1,2,1,1,2,2,2,3,2,4,4,3,5,3,66,,2,2,1,2,1
2664,3,1,1,2,9,2,1,1,2,2,1,3,4,4,4,2,8,46,,1,2,1,3,2
2635,9,9,3,9,9,1,2,1,1,1,1,3,1,1,9,9,8,64,,2,2,1,8,1
2719,1,,1,2,1,2,1,1,2,1,1,2,1,1,3,5,8,65,,2,2,3,9,1
2742,1,,1,2,1,2,1,2,2,2,3,2,4,4,5,3,3,86,,2,2,1,1,2
2783,4,1,1,2,2,1,1,9,2,2,3,2,4,4,3,3,7,61,,2,2,1,4,2
2780,3,3,3,9,9,1,1,1,1,1,2,2,4,4,3,3,1,43,,2,2,1,2,1
2793,2,,1,2,1,2,1,2,2,2,3,2,4,1,3,9,7,62,,2,1,4,4,1
2843,1,,2,1,2,1,2,2,2,2,1,3,4,4,5,1,3,24,,1,1,4,1,1
2871,2,,2,9,9,9,9,1,9,2,3,3,4,4,1,3,7,42,,1,2,1,4,2
2890,3,2,1,2,9,1,9,1,1,9,1,3,4,4,3,3,5,19,,2,2,3,1,2
2845,2,,1,2,2,2,1,1,2,3,3,2,4,4,2,5,7,69,,2,2,2,4,1
3012,2,,2,9,9,9,9,1,9,1,3,3,4,4,1,3,7,21,,2,2,3,9,1
3038,1,,2,2,2,9,1,2,1,3,1,2,4,3,3,3,6,81,,2,2,1,2,2
3010,3,3,2,9,2,9,2,2,2,3,1,2,4,1,3,3,8,50,,2,2,3,9,2
3083,4,3,2,2,1,2,1,1,1,1,1,3,4,4,3,3,3,22,,2,1,3,9,2
3131,2,,3,9,9,9,9,9,2,2,2,2,1,3,3,5,5,21,,2,1,4,2,1
3111,2,,1,2,1,1,1,1,2,2,3,2,4,4,3,3,5,60,,2,2,1,9,1
3123,1,,1,1,2,1,2,2,2,2,1,2,1,4,4,3,8,62,,2,2,2,4,1
3221,9,3,2,9,9,9,1,9,9,2,3,3,4,4,4,9,3,57,,2,2,3,2,2
3220,2,,1,2,2,2,1,1,2,3,1,1,4,4,2,4,7,28,,2,2,1,4,2
1741,3,9,3,9,9,9,9,9,9,9,3,2,4,4,2,9,9,45,,1,2,2,9,2
2451,9,2,3,9,9,2,1,1,9,2,3,3,4,4,2,2,6,30,,1,2,3,3,2
2993,4,2,3,2,9,2,9,1,1,2,3,2,4,4,4,2,5,20,,2,1,4,2,1
2260,2,,3,2,1,3,1,1,1,1,1,2,4,4,2,3,8,34,,2,2,1,1,1
1749,2,,3,2,1,2,1,1,2,2,2,1,2,4,1,5,7,19,,2,2,1,4,2
766,9,9,2,9,9,9,9,9,2,2,3,3,4,4,9,9,7,37,,1,2,1,9,2
2320,2,,2,2,9,2,1,2,2,2,3,3,4,4,4,9,6,28,,2,1,4,9,2
1817,4,3,2,1,2,2,9,2,9,3,1,3,1,1,3,3,7,28,,2,2,2,9,1
2113,1,,2,2,1,2,2,2,2,2,2,3,3,3,4,4,7,36,,2,1,4,2,1
1465,2,,1,2,1,2,1,1,1,1,1,3,1,1,3,4,7,50,,1,1,2,3,2
3395,2,,3,9,1,2,1,1,2,2,3,3,4,4,4,3,2,64,,2,2,2,1,2
3402,1,,1,2,2,1,2,2,2,2,1,3,4,1,5,2,3,76,,2,2,1,2,2
3410,1,,1,1,2,1,1,1,1,2,2,2,2,2,4,3,1,55,,1,2,1,1,1
3401,2,,2,2,9,2,1,1,9,3,3,3,4,3,4,3,2,84,,2,2,2,8,2
3467,1,,3,2,1,2,1,2,2,2,1,3,4,3,4,3,7,42,,1,2,1,9,1
3580,2,,1,2,1,9,1,1,1,2,1,3,4,2,4,2,5,55,,2,2,1,4,2
3626,2,,3,9,9,9,2,9,2,2,3,3,4,4,4,2,1,35,,2,2,1,2,2
3725,4,3,1,2,9,1,1,9,9,1,2,2,4,4,3,3,5,64,,2,2,1,2,1
3690,2,,1,2,1,2,1,1,2,9,3,3,9,4,2,5,7,92,,2,2,1,2,2
3744,1,,1,1,1,2,1,2,2,2,1,2,2,2,4,4,8,74,,2,2,1,2,1
3797,1,,1,1,2,2,1,2,2,2,2,2,2,2,3,3,7,65,,2,2,1,4,1
3661,3,3,2,2,1,1,1,1,1,1,3,2,4,4,3,3,8,34,,2,2,1,9,1
3776,3,1,1,1,2,1,2,2,2,2,2,1,2,2,5,1,7,99,3,2,2,1,4,1
3824,4,3,1,1,2,3,2,2,2,2,3,2,4,3,5,1,7,99,9,2,9,9,9,2
3786,1,,1,1,2,1,2,2,2,2,1,1,4,4,4,3,7,60,,2,2,1,4,1
3863,3,3,2,9,2,1,2,2,2,2,3,2,4,4,3,3,3,58,,1,2,1,9,1
3826,1,,3,9,2,1,1,9,2,2,9,2,3,1,5,2,5,56,,2,1,1,4,1
3966,3,3,1,2,1,2,1,9,9,2,3,3,4,4,3,3,3,56,,2,2,1,3,2
4057,3,9,1,2,9,2,2,2,2,2,3,2,4,4,1,4,5,29,,2,1,4,3,1
4056,3,2,1,2,1,1,1,1,1,9,2,2,3,3,4,9,3,81,,2,2,2,1,2
4104,3,3,2,2,2,2,1,2,2,2,2,2,4,2,3,2,3,46,,1,2,1,3,1
4093,2,,1,9,9,3,1,9,9,2,3,3,4,2,3,9,2,75,,2,2,1,3,1
4121,3,2,1,2,2,2,1,1,2,2,3,2,4,2,4,3,3,63,,2,2,1,3,1
4146,2,,1,2,1,2,1,1,2,1,1,2,4,3,1,5,6,53,,2,2,1,9,1
4190,2,,1,2,1,2,1,1,1,2,1,2,1,1,3,5,5,60,,2,2,2,1,1
4243,3,3,3,9,9,9,9,9,9,9,9,3,9,9,2,3,6,20,,2,2,1,2,2
4193,1,,1,1,2,1,2,2,2,2,3,2,4,2,5,2,3,70,,2,2,1,3,2
4206,2,,2,2,9,2,1,1,1,9,1,2,3,3,1,9,8,60,,2,2,2,9,2
4262,2,,1,2,1,2,1,2,2,1,1,2,1,1,3,5,3,83,,2,2,1,8,1
4343,1,,2,2,2,9,2,2,2,1,1,3,4,4,4,3,7,93,,2,2,1,3,1
3481,4,3,3,9,9,9,1,2,2,2,3,3,4,4,9,9,2,42,,1,2,1,4,1
4465,2,,1,1,2,1,2,1,1,2,3,2,4,1,3,3,5,19,,2,1,4,2,2
4577,3,3,1,1,2,2,1,1,2,1,1,2,2,3,3,3,8,65,,2,2,1,3,1
4699,2,,1,2,1,2,1,1,2,2,2,2,2,2,1,5,3,74,,2,2,1,2,2
4840,3,3,2,2,1,2,1,9,1,2,3,3,4,4,3,3,6,37,,1,2,1,2,2
4847,3,2,1,2,1,2,1,1,2,2,3,2,4,3,3,4,7,62,,2,2,1,4,1
4975,2,,1,2,2,2,1,1,2,1,1,1,3,1,3,5,8,68,,2,2,1,4,2
5015,1,,1,1,2,1,2,2,2,2,2,2,4,4,4,9,5,77,,2,2,1,9,1
5009,2,,1,2,9,2,1,1,2,2,3,2,4,4,1,1,8,68,,2,2,1,2,1
5038,2,,1,2,2,2,1,2,2,2,2,3,4,4,4,9,3,99,3,2,2,1,1,2
5071,1,,1,1,1,1,2,2,2,2,2,1,2,2,5,2,8,29,,1,2,1,2,1
5100,3,3,3,2,9,2,2,1,1,1,1,3,1,1,5,2,3,70,,2,2,3,2,2
5115,3,1,1,1,2,1,1,2,2,2,2,2,4,2,3,4,7,70,,2,2,1,9,1
5145,1,,1,2,2,9,2,2,2,2,3,2,4,4,4,2,5,47,,1,2,1,4,1
5152,1,,1,1,2,1,2,1,1,2,3,3,4,3,2,2,3,20,,2,2,1,1,1
276,4,3,3,9,9,9,9,9,9,2,2,2,2,4,9,9,9,68,,2,2,1,9,1
5174,3,2,1,2,1,2,1,1,2,2,1,3,1,1,2,5,5,60,,2,2,1,4,2
5182,2,,1,1,1,2,1,1,1,1,1,1,1,1,2,3,6,25,,2,2,3,3,1
5194,4,1,1,1,2,9,2,2,2,2,3,3,4,2,5,2,4,56,,2,2,1,2,1
607,1,,2,1,2,1,1,2,1,2,1,3,3,3,5,2,7,22,,2,1,4,2,2
77,3,3,3,2,2,2,1,1,1,1,4,3,3,3,4,3,5,28,,2,2,1,3,2
3579,2,,1,1,2,2,1,2,2,1,1,2,2,1,3,2,7,45,,1,2,2,3,1
1394,1,,2,9,1,9,1,9,9,2,1,3,3,3,3,1,5,59,,2,2,1,2,1
5000,4,1,2,2,1,2,1,1,1,1,2,3,2,2,4,2,8,27,,1,2,5,9,1
5191,1,,2,2,1,3,1,1,2,2,2,3,4,2,9,5,5,25,,2,2,1,2,2
684,3,2,3,2,1,2,1,1,1,2,1,3,3,3,3,3,5,20,,2,1,2,2,1
4202,1,,3,1,1,2,1,1,2,1,3,3,4,4,2,5,5,37,,1,2,4,2,2
1771,9,3,3,1,2,1,1,2,1,1,1,3,1,1,1,5,5,19,,2,2,1,1,1
1679,3,2,3,9,2,2,2,1,2,2,2,3,2,2,4,2,5,19,,2,2,1,9,1
3508,1,,3,2,2,2,1,2,2,2,2,3,4,4,9,9,9,41,,9,2,1,9,2
4007,2,,1,2,1,9,1,1,9,9,9,3,9,3,3,3,5,92,,2,2,1,9,2
4551,1,,1,2,1,2,1,2,2,2,3,3,3,3,5,2,3,74,,2,2,1,2,2
5222,1,,2,9,2,3,2,2,2,2,3,2,4,3,5,2,5,64,,2,2,1,2,1
5252,2,,1,2,1,3,1,1,2,1,3,2,4,1,9,5,7,60,,2,2,1,8,2
5286,2,,2,2,1,2,1,1,1,1,3,3,4,3,3,3,7,76,,2,2,1,3,1
5324,9,1,1,1,2,2,2,2,2,2,2,3,2,2,9,9,5,35,,1,2,1,2,2
5346,3,3,1,1,2,1,1,2,2,2,2,3,4,4,5,3,3,68,,2,2,1,2,1
5361,3,1,2,2,1,2,1,2,2,2,2,2,2,4,4,9,3,44,,2,2,1,1,2
5388,9,3,1,2,9,2,1,1,1,2,3,3,4,4,3,3,3,59,,2,2,1,2,2
5405,3,3,1,2,1,2,1,1,2,1,4,2,4,4,3,5,5,51,,2,2,9,3,2
5463,2,,3,9,2,2,9,1,2,2,3,2,4,4,5,3,3,53,,2,1,4,3,2
5471,3,1,1,1,2,1,1,2,2,2,3,2,2,2,4,3,7,48,,1,2,1,4,1
5444,3,2,1,2,2,2,1,1,2,2,9,1,4,4,2,5,7,27,,2,2,1,3,1
5496,3,3,1,1,2,2,2,1,1,2,3,2,4,3,3,3,3,29,,1,2,1,2,2
5515,2,,1,2,2,3,1,1,2,2,1,2,4,4,3,5,7,64,,2,2,1,3,1
5565,2,,3,2,1,2,2,2,2,2,1,2,1,1,4,3,3,55,,2,2,1,1,1
5626,4,1,2,1,2,9,9,2,2,2,2,2,2,2,9,9,3,50,,2,2,1,2,1
5795,2,,1,2,1,2,1,9,2,2,2,1,2,2,2,5,3,29,,2,2,1,2,1
5901,3,2,3,2,9,2,1,1,2,2,1,3,4,4,3,9,3,45,,2,2,2,2,2
5904,2,,3,2,2,2,1,1,1,1,3,3,4,4,3,2,3,19,,2,2,1,8,2
5912,1,,1,2,2,1,1,2,2,2,3,2,4,4,4,2,7,43,,1,2,1,4,1
5971,3,3,2,1,2,1,1,2,2,2,1,2,1,1,3,4,7,99,3,2,2,1,9,2
5999,1,,2,2,2,2,1,2,2,2,3,3,4,4,3,9,7,37,,1,2,1,3,2
5942,1,,3,9,2,1,1,2,2,2,2,3,4,4,1,2,5,49,,1,2,1,2,1
6054,1,,2,2,1,2,1,2,2,2,1,3,4,4,3,3,3,19,,2,2,1,1,2
6177,9,9,1,2,9,9,9,2,9,2,3,3,4,4,3,9,1,45,,1,2,1,8,1
6271,2,,2,2,1,9,9,1,9,2,2,2,3,4,1,9,3,18,,2,1,4,8,1
6317,9,3,1,2,2,2,1,2,2,2,1,1,3,1,9,9,2,24,,2,2,1,2,1
6348,3,3,3,9,9,3,1,1,9,3,3,3,4,4,3,9,3,39,,2,2,1,9,2
6501,1,,1,1,2,1,2,2,2,2,3,3,4,4,5,2,7,50,,1,2,1,4,2
6567,2,,2,2,1,2,2,1,1,1,1,2,3,1,3,3,7,27,,1,1,4,2,2
6988,9,3,1,1,9,1,1,2,9,2,1,3,4,4,4,3,3,46,,1,2,1,2,2
7154,4,1,2,2,2,1,1,2,2,2,1,2,4,2,4,3,3,53,,2,2,1,1,2
7257,1,,1,9,2,2,9,2,2,2,3,3,4,4,4,3,7,50,,1,2,1,4,2
7303,2,,2,1,2,2,1,1,2,1,2,2,3,2,2,5,5,26,,1,2,2,2,2
7304,4,1,3,2,9,9,9,1,9,9,3,3,4,4,2,9,5,24,,2,2,2,1,2
7450,1,,1,1,2,2,1,2,2,2,3,2,3,4,4,4,7,34,,1,2,1,3,2
7490,2,,1,2,9,2,1,2,2,2,1,3,3,1,1,9,3,18,,2,2,1,2,2
7534,4,9,2,2,9,2,1,1,1,1,3,3,4,4,3,3,7,29,,2,2,2,3,2
7568,2,,2,2,2,2,1,1,2,1,3,3,4,4,3,5,8,99,3,2,2,1,4,2
